-- phpMyAdmin SQL Dump
-- version 5.0.4
-- https://www.phpmyadmin.net/
--
-- Host: 127.0.0.1
-- Generation Time: Jan 02, 2021 at 09:10 AM
-- Server version: 10.4.16-MariaDB
-- PHP Version: 7.4.12

SET SQL_MODE = "NO_AUTO_VALUE_ON_ZERO";
START TRANSACTION;
SET time_zone = "+00:00";


/*!40101 SET @OLD_CHARACTER_SET_CLIENT=@@CHARACTER_SET_CLIENT */;
/*!40101 SET @OLD_CHARACTER_SET_RESULTS=@@CHARACTER_SET_RESULTS */;
/*!40101 SET @OLD_COLLATION_CONNECTION=@@COLLATION_CONNECTION */;
/*!40101 SET NAMES utf8mb4 */;

--
-- Database: `archetec_icgdb`
--

-- --------------------------------------------------------

--
-- Table structure for table `configs`
--

CREATE TABLE `configs` (
  `id` bigint(20) UNSIGNED NOT NULL,
  `config_key` varchar(255) COLLATE utf8mb4_unicode_ci NOT NULL,
  `config_value` varchar(255) COLLATE utf8mb4_unicode_ci NOT NULL,
  `created_at` timestamp NULL DEFAULT NULL,
  `updated_at` timestamp NULL DEFAULT NULL
) ENGINE=InnoDB DEFAULT CHARSET=utf8mb4 COLLATE=utf8mb4_unicode_ci;

--
-- Dumping data for table `configs`
--

INSERT INTO `configs` (`id`, `config_key`, `config_value`, `created_at`, `updated_at`) VALUES
(1, 'version', '1.0', '2020-12-25 21:47:14', '2020-12-25 21:47:14');

-- --------------------------------------------------------

--
-- Table structure for table `conversations`
--

CREATE TABLE `conversations` (
  `id` bigint(20) UNSIGNED NOT NULL,
  `p1` bigint(20) NOT NULL,
  `p2` bigint(20) NOT NULL,
  `p1_nick` varchar(255) COLLATE utf8mb4_unicode_ci DEFAULT NULL,
  `p2_nick` varchar(255) COLLATE utf8mb4_unicode_ci DEFAULT NULL,
  `encrypted_password` varchar(255) COLLATE utf8mb4_unicode_ci NOT NULL,
  `salt` varchar(255) COLLATE utf8mb4_unicode_ci NOT NULL,
  `blocked` tinyint(4) NOT NULL DEFAULT 0,
  `created_at` timestamp NULL DEFAULT NULL,
  `updated_at` timestamp NULL DEFAULT NULL
) ENGINE=InnoDB DEFAULT CHARSET=utf8mb4 COLLATE=utf8mb4_unicode_ci;

--
-- Dumping data for table `conversations`
--

INSERT INTO `conversations` (`id`, `p1`, `p2`, `p1_nick`, `p2_nick`, `encrypted_password`, `salt`, `blocked`, `created_at`, `updated_at`) VALUES
(4, 18, 18, NULL, NULL, 'Bu6DSc9xLAdYkABegqmmf3YSz+ph+3Vtlc7IcNE+8DkOa55qkOHRhSVTnRvNrvczqDathhJ+hTET+FBKWtNwew==', 'hd4E371K4IxKjjqRCgtO0K9sBAMLR6dALXYZGXeCiZ1eZp8E7bvSP9JcS09UWE4jkOOrZB26cbvFlv2NxOdBegBg5TeX/Ed/LgTCFvPvSef+T/jRPUR6jWwm4KQJcc2qKs+yLypncfbJ2ddwugJD5yLt3r31XE+e6CNYSRc3iIo=', 0, '2020-12-28 01:26:56', '2020-12-28 01:26:56'),
(5, 19, 19, NULL, NULL, 'c+yWdfeEw8+6Q7DFMCo/aoOUiN/SbsLz5wiUglWNfXnwNGlkZTlDOk3uBsPFdmLFm2vPUSEcPZIquB4YbANt6Q==', 'MSJAYN9Xy3msI8XCCcpvbZqpCL4n8p6paOtKj1JtLimp/tOxz7YX7NCkfYRbAVfh50sYL1ph/QSk0uZQxHoLAGx8jKn2RV53sObK7JXfGyMkBU/+SWJQ85RChYLjuLlXqiBq6kfihzBimqjAN/9JwHXXGvbR7IXr8kG6hnVJ5vc=', 0, '2020-12-29 03:33:17', '2020-12-29 03:33:17'),
(6, 20, 19, NULL, NULL, 'jnW2ATbykGP4fb2kQKNVZYi8C8FIgHqSXlyd/XdpxUBFbMPtDbhDM9wuqTQ7DEP3xwzmB9Tm12pICB7nn4DOqg==', 'J40m+IbI2udvPPqdjraCM7ALBys9VeK9Oy7Z768beU6KoBYTYSK8h26HcPcd7HnTLo8082x6c8gkefZfvuQ/LpQ3BXKHveyFrm5iijMTs5SMA/zl/wvqjv4wtUAhYucb8xodpi7g7RGhbuMk3a6gxXEG2RkIl34RsProVyoJgC4=', 0, '2020-12-29 03:50:03', '2020-12-29 03:50:03'),
(7, 21, 19, NULL, NULL, 'I6NcngA1tVlB9nU7gFvbdhM9SIZ8zhUM4CphapcTZn4LiOMDNBPGXSnoT2/Cx3sn/oBqgT+hxC+pzHB77rCpDg==', '15AvoPnvI6r0gYiTOttoAxVbur244+m2jgMW4e0ug6BKqnjtDa7BiYJZh0BgLHfjv0cXOyJqcZ5nwaTZySERjhOFA8bFhCLLXg+QW3mXe7ZBJanaYI1wHKscMTuGhAQ3wjrCz2uHQIvQ41KZDMpykL1kvDg+C5Y0PbGSVJnjYhQ=', 0, '2020-12-29 04:01:40', '2020-12-29 04:01:40'),
(8, 22, 19, NULL, NULL, 'FjbY4KL4w+IbiP4b6W5NWLcfooIqzRe80CXpthLcsOA+SwLVYZQdbh0I11DehhnFxxFPGCEQLvd1MibbzcyWNw==', '1apF24xYZBy6jZBWiK4rDpGX0X7ay01XCy61j/wYJqLY08bc0sslmwGX9tPwguSV2cg2uqnzBX5wykW9tKoJG9iwsk6yHkdbX3T7eUiu+FecQwhZLUzIJVdaMV1eFWJhSKr/rt3Pb/pS+5viHl9hPixmHxK6JAeOhMuhbEO8JeE=', 0, '2020-12-29 04:05:49', '2020-12-29 04:05:49'),
(9, 23, 19, NULL, NULL, 'Yr/xMBmilMMGs/xdzjjv40h1KGbuJgD1J5cfbTU+H4t3M2U2iSSegTaDowgoi+EyMh1zJEAzkpqEnJh7RoaNPQ==', 'ZHsA+upB3FHOEfC/cV2CAHCgVxAiwqdTyJZ/70b+Ep+3MBxrinM8+j5LKqXUEvwZuTJrJvonjGeU2PFcHb8Fy9xX5d+lXvNJZ00/+jySx+eqw1jFHJ0PIKAD5YGPOSVhfgqbR2ylZAScwjO0mAXt00VOW66HDutQCnfaH/B6kjU=', 0, '2020-12-29 04:12:12', '2020-12-29 04:12:12'),
(10, 24, 19, NULL, NULL, 'k6h6xeYaQLo8uQTAr1VTJanO+pEC8J7rcyY6aqM+n6GH8QLvc5itjCHskmRBO7DMvkH26SLLTBEtzn3NBN17KA==', '+2WU41/gk51lJ5AkuPqGQNGmO8HpxiCLN2H8BBkqKpyeeNSkv86ImiAxNq84gqAdZoEYXMpHUJV94Fw5VB47/vjJATupv1vYUHYM8Zv/STC7doSV4eN9yGN7K7rrVGRHFRoTDhyxe0k85dGdXQPJitv+9njgi/BfyBcx+FQoO4Y=', 0, '2020-12-29 04:14:29', '2020-12-29 04:14:29'),
(11, 43, 43, NULL, NULL, 'qDXrBcDSHGoZxZYV0Ywp7/J+DpkKPQQItGoluob+LbZtqiBenzhrmjIR4VJhHzfq6zdktIfkntFPaJ7JaqKi3w==', 'ELEg1wAUlWBrb7qCgGJY9eIKlLDz+RoBSY1sK6GnzSryvJPOd2mr6ALVzwYo1JSegyGiVU+mFD4F+bzM5zH92MHaFKIXYig5qgksTpBrx89DIlEsgLvjSTJ03DVOwFC0VKvleTUWVL6KK2ksiTUehPRpkbtdvXMX1Ubl+YAxEtQ=', 0, '2021-01-01 00:21:58', '2021-01-01 00:21:58'),
(12, 45, 44, NULL, NULL, 'VZ0cmZbf5dYqSygoP8hWSX8L5HQ4kTKTmIC8e0XPy/Ae7Nhi9bFj0Kx+bQjE9oYPlYYFMzdiWZYGupVPd0x4jw==', 'oWpBvGBgyJgBigTBu/AsZAtAxtQ81Ibx0BUWxD8DJ4u9ocAoKHdaRlswIVuPVXQ5rkkkwNcKqYtUd2UUhoUyOrQ0FQCkWeEWqCIS/aynkgVXZ/T7sJs7VHYHNjx5v7RM6H8bwF6EqMXj2Snaf1Wkm5/ZZEWlGBQgUreZfEdP2Vk=', 0, '2021-01-01 01:28:37', '2021-01-01 01:28:37'),
(13, 44, 43, NULL, NULL, 'hCclrAXK8CKbGx1UDktNLeV/RK1XpSNSNyHdzBXCkR4xoos44fP0MgLzqtTzUhStbPUAoQFDXtQEba1AejdiLQ==', 'f0c6g7vG0UPb+JuXJhIBV+f2z7hsI8MPXiCzL70KDfjj9HBMHeCvlJ64lW3drXHYU0mzoYPkoHQKH0/CG/+F6wVS9TLXV+kcAnSyaPLVswMWiz4pq5DuToK780DZUv6oooUMxtnZb2U84/1UgGEKcfGO5Ps0Dgx7LFtgPauWhjQ=', 0, '2021-01-01 01:29:01', '2021-01-01 01:29:01'),
(14, 47, 46, NULL, NULL, 'ak5NU62I08SEP53DDTfHz9E3Dh1GUf57QDjzKtNrngQdvVeE5lgRDFHH1+kO3q3+9P3nlwUd9Q5yha1xj5U2Wg==', 'ZVaiWjroD8XvWX5OR4LF/Ia+uWHYuzS4q+lycISlPWnoE4Px1euLAjEvpeEGwoKchqYba1bNpXvyoO76VPDsJ6MJijjDX6DuaG1HH4NDHfty5ZwekJ0dbqJebzjccahMfHOe4eoUTfYpWInk0vn3/f6zIbVNArhuJJJ+3syS81U=', 0, '2021-01-01 04:57:40', '2021-01-01 04:57:40'),
(15, 46, 47, NULL, NULL, 'gcyAUVY5Y0SsDhErELMH/JdjUFE1AEV5y9RUbREIFpQYnrFhl3TVLqg5jV861wQSKUDpKSaUKLJ3RSIoQkqxOA==', 'JwxVHRidsNjpLXvO+MbUq1YNprsyCg1s2zpqL7fZb2ZdNPsUjCmYYEeiJofooit2wVCm2oycPZRb3cEAaAJMddTwNgeMBc9Z1lkVakWBfLJoSLbJwcBvODL6QkS8eJnNdDEqPy3ypI13fMFFCw3oZzuiqYgdY5pqgBTUua9nDxc=', 0, '2021-01-01 05:00:55', '2021-01-01 05:00:55'),
(16, 48, 49, NULL, NULL, 'IxhHmxUdmsJOsa9TRRP1QUtk6jGSavjAF74XhUfZJ7M2hokD9wdobcAql/ofKRutQ33h92G5+LxeaBtvAolymQ==', 'GziTtZoKNFjJEe4H/VBrYQvTnPGTTo6XW58S2c518g8eNjdvKEQ/hMctb6u74UCq1yvU/9MStqhqecXL9ltsb66qL84zQN5rs1ashueIdFBZmMYCrTSBVpHM7ngScSMubJKBwqZ+Hn0QEmjy/8RNi9RzST2oxUAmOyv80ZDj69s=', 0, '2021-01-01 05:16:02', '2021-01-01 05:16:02'),
(17, 51, 50, NULL, NULL, 'vpteQlK+9Pj6fSO9D7W/cQpEHpndF5/g2N2WrpAXmZCkSpoyEN1Q9MenbOh0JCNHjooJN7xZDBPd6oYiaXmVqA==', 'ZrjDcqbZMIc/NO30wtGi7MLbNXNqLMsd2UPDje28o1udvMGGGOQoxWzmqHwFLY87JhRNp/DdjdTLQc0xW4l/nDUSLFrxqfZCoYSFHGZFm/r0ZdSiG7mWxqnQfss0bpVkSNoNDe9w2aeqH//Lj3zP/LEI3KP/8z7gJXka34H32Vs=', 0, '2021-01-01 06:03:40', '2021-01-01 06:03:40'),
(18, 53, 52, NULL, NULL, 'jSVslvWYD+CTGtSRUiBp2tWRPHI+RMDGPNjHHudC3A/A5XLhgOJYhhRSzwJ4doPDr4kwRpEfoIXcLgj5oL4apw==', 'WHqQGaEF5CMJkmn9wPJ7MPgzg79SqRLOe3me2oqFdxOxn6jXjtKq2Acd3c662rWrcokjSaY+8615IIsnF4QGS5rY28IhSPavVZfNPs48/vKrPfTtKE3XH5CvbeiY+ds+hl2jTHXmNTdKQLtLI9DdiEO9nLKwmaLh88mLKB/3DWU=', 0, '2021-01-01 08:17:06', '2021-01-01 08:17:06'),
(19, 57, 56, NULL, NULL, 'eIh5L+AqbV9IYs26m+MD9cXT4J1VIXlUnRurOUjICCq/n+c82GgGPfvfnoN2MrXZ/b6eEHegmrSfUbHBwJxjbA==', 'cSJpu/kztCtTI+JI46ZQCWb8MklbLxDYJq30eHELunToqvQ2084TRv2FDBRwIPtrRpNWoXq25y4qQgIaySeqmffTvLL+AeFb41fz5HLJ2mu4luQa3bX8O4eMJUFaGCwJgFtB7yecxk40WQx1mLl1XZEih8wrqes2RS809dmcVfU=', 0, '2021-01-01 09:09:47', '2021-01-01 09:09:47'),
(20, 56, 56, NULL, NULL, 'W+kZIUCFSog840S9QOUH2vBAhpO0f71Kih0he97dhfg83B8pmHo7YMYZEfnMEPBHaXQ+abLG3mSJKovNO2ZLuw==', 'KJEN3uNO57G4iY+xNKjVONHaI86ta4dfhwx9v9VepHjo4RheujzMIVJ0CJ+21HJjv6Sv8WlknElVzPl2Enjzc3/ECLWKOpt2DCgtasXz9ehRUVW8g61alwfXkDcNWDNrG67DyzlSNLeeOv9jsQNsm2subhI5NLTbq7QMu1HSeSY=', 0, '2021-01-01 09:39:23', '2021-01-01 09:39:23'),
(21, 56, 46, NULL, NULL, 'VAjntSz7oH2P/H2paGCSW++81mK0pCAawEKNIn2dP3eBSzmbO/LRY4IJSYzttpFSTIAmHhXR00Lk/AWCWTzvCg==', 'UnMlRoSgrKJX5bpN+rrFoV1cH9qNhluQNgjTm7cJAqa6ddHVNtetzzOeF/QAd43wvmT4k9dkP4KQNQWfShCklat4Fe5zVhtZ6RHCLT176O4l8WWqR6sgzFD0x/yNeJx4CsyJYs2K7m8C3V8L+axCQYWadPZebjpQm9FrswYuTrE=', 0, '2021-01-01 09:39:27', '2021-01-01 09:39:27'),
(22, 56, 57, NULL, NULL, 'DcWC4Oj4G/XsWkvWM4xx5akNBNJ2eYCSKPgttwavd2Cj0+UA+MdNHX6FukANP74hTV6Gs/dceJfuhThKzAYACw==', '1jezJVapxWtQGQT6REebZljfRho5XF44Yw7aIbPguC2ZNqFWGa5CgzIKIXqEBfeoCv6Qd3EAChJ7eKK/3yHBreXTfL0ndxTjJ8qtf8MeBuetoCmzPnHIOhpseQdRSCNvNJPjKYChNDfPVBcXZfCRg67gH0lQOiTyqltKGPccbhg=', 0, '2021-01-01 09:39:58', '2021-01-01 09:39:58'),
(23, 59, 58, NULL, NULL, 'pzNfpvk8CtKtlX9JbCqfkX/NytbpcJtGL2MPdfXBffsRA9hPjnEc2VJ0dR9CtZu48gdK0ls31OtqmfcJPw0FGw==', 'Rah70DUkOaH2aZsbRLzM63ciHKkvuyzxY5CCJFlb9m7sAouyrp52pjiPUHuyk+QpmWncxVc7EC3nq2qmAiloR/xLl8VBG4zXe2mGJCt5iU0rMLPDLUnddSX+QwT3tek8N8PRqQqzGIjiHQ2SCsDUam+WhDFtxjCvKAJrx3ViWkQ=', 0, '2021-01-01 10:04:58', '2021-01-01 10:04:58'),
(24, 58, 59, NULL, NULL, 'IqD8aBT3w/CkSkBWB7V35br/bGnQq1UsC2kjaC7H8wbWhUG79tvNfYPe+ANz+dvwMNOJFBFFGu/jDI5bIiIBBA==', 'ymcEkRcN0HiMs7wuGHFuO71D6LzThIkqCa9AGfKT3v0R+82CB/lN6wRplW5OqRln0qsiXwSd2qvE/jsFmkEb7CUKYp0HYeuFx2bHFp7TK1qRQD19aguC+LDfUVIpRzbjTHmGJg9x8wQBUOicMOrMw8tOGnnpI4mIqQAY6ybaeQc=', 0, '2021-01-01 10:04:59', '2021-01-01 10:04:59'),
(25, 61, 60, NULL, NULL, 'X20aZVGL8Dsxanv7EnZlJeVgps0vzi4YWYfQB0EYZ0p2B9hwy08UybYJ6FuzrAN/2SaNC/nwr+6CVwtFFYzYBQ==', '3rs/nJnck/nemvyKTahmN2CIiE09M0clDcMKOSp4Wfu05gNRNwxTxsJTxJno1V5ZYaVEW3BLTgIeCtHzgeTcL63NtgtzY805K5/NEHQuws/aJCJHI+KTmgo6OwGauLZny35R+gdP98ulW9uIPRYu0p1FkPf+pPol2UPDYbRLqng=', 0, '2021-01-01 10:18:29', '2021-01-01 10:18:29'),
(26, 60, 61, NULL, NULL, 'GiJTtWYIk2UkCjWglnl/bTge5f5ENiSFKsCQWonUm4N6jFc/KijLfSO5gbeRBRPeJ3ysNUZg2Ae2nQSodfY5PQ==', 'oDccy2YAoBfN3QmsfEjPNyekWxO5DJBlxmg5EXYekNdt1xVfqQml6skPTzJruO+KUWXqTHolsPq8OHrgdJk39MYZgiiz/3PhhpHYKCAtOZDzUNcSBO+IgSxt0eruusK1s8YDDL005ZB0eTZ0ykQ3qhQ/Z6tvbLG3P8JCn4Vux0M=', 0, '2021-01-01 10:18:34', '2021-01-01 10:18:34'),
(27, 61, 56, NULL, NULL, 'hLyGKzZbXAMSPgyTC+ybA0IjzIeCRTlZJlngLoUbbvsXZEM7HzJ/Bag+N+pgvtkcV8UzOPnOD6ac0mQ8oKGGMg==', '4E5JykSMk4/R+ekcGffZt0br3FdTk3gbvIKc1ZhvkgPlRJw58yMpsfatkdTUnhbkbZfSDtw80gPQUsFLSoRbSrEmaYLrNVz5qWG0MUR/sWuMAaoafsxDScrGAi83E6IqkiCXRMqHKN/OJy84WQ3SMpZuzWc9000UhrBn5gxRhk0=', 0, '2021-01-01 11:20:23', '2021-01-01 11:20:23');

-- --------------------------------------------------------

--
-- Table structure for table `failed_jobs`
--

CREATE TABLE `failed_jobs` (
  `id` bigint(20) UNSIGNED NOT NULL,
  `connection` text COLLATE utf8mb4_unicode_ci NOT NULL,
  `queue` text COLLATE utf8mb4_unicode_ci NOT NULL,
  `payload` longtext COLLATE utf8mb4_unicode_ci NOT NULL,
  `exception` longtext COLLATE utf8mb4_unicode_ci NOT NULL,
  `failed_at` timestamp NOT NULL DEFAULT current_timestamp()
) ENGINE=InnoDB DEFAULT CHARSET=utf8mb4 COLLATE=utf8mb4_unicode_ci;

-- --------------------------------------------------------

--
-- Table structure for table `messages`
--

CREATE TABLE `messages` (
  `id` bigint(20) UNSIGNED NOT NULL,
  `conversation_id` bigint(20) NOT NULL,
  `status` int(11) NOT NULL DEFAULT 0,
  `reply_id` bigint(20) NOT NULL DEFAULT 0,
  `created_at` timestamp NULL DEFAULT NULL,
  `updated_at` timestamp NULL DEFAULT NULL
) ENGINE=InnoDB DEFAULT CHARSET=utf8mb4 COLLATE=utf8mb4_unicode_ci;

--
-- Dumping data for table `messages`
--

INSERT INTO `messages` (`id`, `conversation_id`, `status`, `reply_id`, `created_at`, `updated_at`) VALUES
(24, 4, 2, 0, '2020-12-28 01:27:17', '2021-01-01 00:40:03'),
(25, 4, 1, 0, '2020-12-28 01:30:10', '2020-12-28 01:30:12'),
(26, 4, 1, 0, '2020-12-28 01:30:29', '2020-12-28 01:30:30'),
(27, 4, 1, 0, '2020-12-28 01:30:57', '2020-12-28 01:30:58'),
(28, 4, 1, 0, '2020-12-28 01:32:26', '2020-12-28 01:32:28'),
(29, 4, 1, 0, '2020-12-28 01:32:55', '2020-12-28 01:32:57'),
(30, 4, 1, 0, '2020-12-28 01:33:35', '2020-12-28 01:33:37'),
(31, 4, 1, 0, '2020-12-28 01:33:44', '2020-12-28 01:33:45'),
(32, 4, 1, 0, '2020-12-28 01:34:46', '2020-12-28 01:34:47'),
(33, 4, 1, 0, '2020-12-28 01:34:56', '2020-12-28 01:34:58'),
(34, 4, 1, 0, '2020-12-28 01:35:02', '2020-12-28 01:35:03'),
(35, 4, 1, 0, '2020-12-28 01:38:42', '2020-12-28 01:38:43'),
(36, 4, 1, 0, '2020-12-28 01:41:04', '2020-12-28 01:41:05'),
(37, 4, 1, 0, '2020-12-28 01:41:57', '2020-12-28 01:41:58'),
(38, 4, 1, 0, '2020-12-28 01:43:50', '2020-12-28 01:43:52'),
(39, 4, 1, 0, '2020-12-28 01:46:05', '2020-12-28 01:46:07'),
(40, 4, 1, 0, '2020-12-28 01:46:15', '2020-12-28 01:46:17'),
(41, 4, 1, 0, '2020-12-28 01:46:31', '2020-12-28 01:46:33'),
(42, 4, 1, 0, '2020-12-28 01:46:36', '2020-12-28 01:46:38'),
(43, 4, 1, 0, '2020-12-28 01:49:01', '2020-12-28 01:49:03'),
(44, 4, 1, 0, '2020-12-28 01:49:34', '2020-12-28 01:49:36'),
(45, 4, 1, 0, '2020-12-28 01:49:40', '2020-12-28 01:49:42'),
(46, 4, 1, 0, '2020-12-28 01:51:26', '2020-12-28 01:51:39'),
(47, 4, 1, 0, '2020-12-28 01:51:44', '2020-12-28 01:51:46'),
(48, 4, 1, 0, '2020-12-28 01:52:41', '2020-12-28 01:52:42'),
(49, 4, 1, 0, '2020-12-28 01:54:11', '2020-12-28 01:54:12'),
(50, 4, 1, 0, '2020-12-28 01:54:18', '2020-12-28 01:54:19'),
(51, 4, 1, 0, '2020-12-28 01:54:53', '2020-12-28 01:55:17'),
(52, 4, 0, 0, '2020-12-28 01:55:17', '2020-12-28 01:55:17'),
(53, 4, 0, 0, '2020-12-28 01:55:18', '2020-12-28 01:55:18'),
(54, 4, 0, 0, '2020-12-28 01:55:18', '2020-12-28 01:55:18'),
(55, 4, 1, 0, '2020-12-28 01:55:18', '2020-12-28 01:55:19'),
(56, 4, 1, 0, '2020-12-29 00:37:32', '2020-12-29 00:37:33'),
(57, 5, 1, 0, '2020-12-29 03:33:41', '2020-12-29 03:33:42'),
(58, 5, 1, 0, '2020-12-29 03:33:55', '2020-12-29 03:33:56'),
(59, 5, 1, 0, '2020-12-29 03:34:21', '2020-12-29 03:34:23'),
(60, 5, 1, 0, '2020-12-29 03:36:04', '2020-12-29 03:36:05'),
(61, 5, 1, 0, '2020-12-29 03:36:17', '2020-12-29 03:36:18'),
(62, 5, 1, 0, '2020-12-29 03:36:24', '2020-12-29 03:36:25'),
(63, 5, 1, 0, '2020-12-29 03:36:32', '2020-12-29 03:36:33'),
(64, 5, 1, 0, '2020-12-29 03:37:06', '2020-12-29 03:37:08'),
(65, 6, 1, 0, '2020-12-29 03:50:15', '2020-12-29 03:50:18'),
(66, 6, 1, 0, '2020-12-29 03:50:58', '2020-12-29 03:51:01'),
(67, 6, 1, 0, '2020-12-29 03:52:57', '2020-12-29 03:53:00'),
(68, 6, 1, 0, '2020-12-29 03:55:24', '2020-12-29 03:55:27'),
(69, 6, 1, 0, '2020-12-29 03:56:33', '2020-12-29 03:56:36'),
(70, 6, 1, 0, '2020-12-29 03:57:36', '2020-12-29 03:57:39'),
(71, 7, 1, 0, '2020-12-29 04:01:51', '2020-12-29 04:01:54'),
(72, 8, 1, 0, '2020-12-29 04:06:08', '2020-12-29 04:06:11'),
(73, 8, 1, 0, '2020-12-29 04:06:45', '2020-12-29 04:06:47'),
(74, 8, 1, 0, '2020-12-29 04:07:00', '2020-12-29 04:07:03'),
(75, 9, 1, 0, '2020-12-29 04:12:23', '2020-12-29 04:12:25'),
(76, 10, 1, 0, '2020-12-29 04:14:38', '2020-12-29 04:14:41'),
(77, 10, 1, 0, '2020-12-29 04:15:01', '2020-12-29 04:15:02'),
(78, 10, 1, 0, '2020-12-29 04:15:06', '2020-12-29 04:15:09'),
(79, 10, 1, 0, '2020-12-29 04:15:07', '2020-12-29 04:15:08'),
(80, 10, 1, 0, '2020-12-29 04:15:09', '2020-12-29 04:15:12'),
(81, 10, 1, 0, '2020-12-29 04:15:10', '2020-12-29 04:15:11'),
(82, 10, 1, 0, '2020-12-29 04:15:11', '2020-12-29 04:15:13'),
(83, 10, 1, 0, '2020-12-29 04:15:12', '2020-12-29 04:15:37'),
(84, 10, 1, 0, '2020-12-29 04:15:12', '2020-12-29 04:15:38'),
(85, 10, 1, 0, '2020-12-29 04:15:13', '2020-12-29 04:15:36'),
(86, 10, 0, 0, '2020-12-29 04:15:38', '2020-12-29 04:15:38'),
(87, 10, 0, 0, '2020-12-29 04:15:38', '2020-12-29 04:15:38'),
(88, 10, 1, 0, '2020-12-29 04:15:38', '2020-12-29 04:15:40'),
(89, 10, 1, 0, '2020-12-29 04:16:08', '2020-12-29 04:16:11'),
(90, 10, 1, 0, '2020-12-29 04:16:19', '2020-12-29 04:16:20'),
(91, 11, 2, 0, '2021-01-01 00:22:26', '2021-01-01 01:22:35'),
(92, 11, 2, 0, '2021-01-01 00:22:40', '2021-01-01 01:22:35'),
(93, 11, 2, 0, '2021-01-01 01:22:25', '2021-01-01 01:22:35'),
(94, 12, 2, 0, '2021-01-01 01:29:39', '2021-01-01 01:34:10'),
(95, 12, 2, 0, '2021-01-01 01:29:53', '2021-01-01 01:34:10'),
(96, 12, 2, 0, '2021-01-01 01:29:55', '2021-01-01 01:34:10'),
(97, 12, 2, 0, '2021-01-01 01:29:59', '2021-01-01 01:34:10'),
(98, 12, 2, 0, '2021-01-01 01:30:18', '2021-01-01 01:34:10'),
(99, 12, 2, 0, '2021-01-01 01:30:27', '2021-01-01 01:34:10'),
(100, 12, 0, 0, '2021-01-01 01:30:53', '2021-01-01 01:30:53'),
(101, 12, 2, 0, '2021-01-01 01:31:13', '2021-01-01 01:34:10'),
(102, 12, 2, 0, '2021-01-01 01:32:04', '2021-01-01 01:34:10'),
(103, 12, 2, 0, '2021-01-01 01:32:19', '2021-01-01 01:34:10'),
(104, 12, 2, 0, '2021-01-01 01:32:41', '2021-01-01 01:34:10'),
(105, 12, 2, 0, '2021-01-01 01:32:56', '2021-01-01 01:34:10'),
(106, 12, 2, 0, '2021-01-01 01:33:08', '2021-01-01 01:34:10'),
(107, 14, 1, 0, '2021-01-01 04:57:58', '2021-01-01 04:58:01'),
(108, 14, 1, 0, '2021-01-01 04:58:40', '2021-01-01 04:58:43'),
(109, 14, 1, 0, '2021-01-01 04:59:55', '2021-01-01 04:59:58'),
(110, 15, 2, 0, '2021-01-01 05:01:06', '2021-01-01 05:12:54'),
(111, 15, 1, 0, '2021-01-01 05:02:31', '2021-01-01 05:02:33'),
(112, 15, 2, 0, '2021-01-01 05:02:47', '2021-01-01 05:12:54'),
(113, 15, 1, 0, '2021-01-01 05:02:58', '2021-01-01 05:03:00'),
(114, 15, 1, 0, '2021-01-01 05:03:47', '2021-01-01 05:03:50'),
(115, 15, 1, 0, '2021-01-01 05:04:07', '2021-01-01 05:04:09'),
(116, 15, 2, 0, '2021-01-01 05:05:32', '2021-01-01 05:12:54'),
(117, 15, 1, 0, '2021-01-01 05:05:43', '2021-01-01 05:05:46'),
(118, 14, 1, 0, '2021-01-01 05:07:24', '2021-01-01 05:07:27'),
(119, 14, 1, 0, '2021-01-01 05:07:45', '2021-01-01 05:07:47'),
(120, 15, 1, 0, '2021-01-01 05:08:35', '2021-01-01 05:08:37'),
(121, 15, 0, 0, '2021-01-01 05:12:31', '2021-01-01 05:12:31'),
(122, 15, 0, 0, '2021-01-01 05:12:32', '2021-01-01 05:12:32'),
(123, 15, 2, 0, '2021-01-01 05:12:32', '2021-01-01 05:12:54'),
(124, 15, 2, 0, '2021-01-01 05:12:32', '2021-01-01 05:12:54'),
(125, 15, 2, 0, '2021-01-01 05:12:47', '2021-01-01 05:12:54'),
(126, 15, 1, 0, '2021-01-01 05:13:01', '2021-01-01 05:13:03'),
(127, 16, 2, 0, '2021-01-01 05:16:36', '2021-01-01 05:38:04'),
(128, 16, 2, 0, '2021-01-01 05:16:57', '2021-01-01 05:38:04'),
(129, 16, 2, 0, '2021-01-01 05:17:48', '2021-01-01 05:38:04'),
(130, 16, 2, 0, '2021-01-01 05:18:24', '2021-01-01 05:38:04'),
(131, 16, 2, 0, '2021-01-01 05:21:45', '2021-01-01 05:38:04'),
(132, 16, 2, 0, '2021-01-01 05:21:59', '2021-01-01 05:38:04'),
(133, 16, 2, 0, '2021-01-01 05:22:15', '2021-01-01 05:38:04'),
(134, 16, 2, 0, '2021-01-01 05:23:32', '2021-01-01 05:38:04'),
(135, 16, 0, 0, '2021-01-01 05:23:57', '2021-01-01 05:23:57'),
(136, 16, 2, 0, '2021-01-01 05:23:58', '2021-01-01 05:38:04'),
(137, 16, 0, 0, '2021-01-01 05:24:22', '2021-01-01 05:24:22'),
(138, 16, 0, 0, '2021-01-01 05:24:23', '2021-01-01 05:24:23'),
(139, 16, 2, 0, '2021-01-01 05:25:45', '2021-01-01 05:38:04'),
(140, 16, 2, 0, '2021-01-01 05:25:56', '2021-01-01 05:38:04'),
(141, 16, 2, 0, '2021-01-01 05:26:30', '2021-01-01 05:38:04'),
(142, 16, 0, 0, '2021-01-01 05:26:57', '2021-01-01 05:26:57'),
(143, 16, 0, 0, '2021-01-01 05:26:58', '2021-01-01 05:26:58'),
(144, 16, 2, 0, '2021-01-01 05:26:58', '2021-01-01 05:38:04'),
(145, 16, 2, 0, '2021-01-01 05:27:06', '2021-01-01 05:38:04'),
(146, 16, 0, 0, '2021-01-01 05:28:18', '2021-01-01 05:28:18'),
(147, 16, 0, 0, '2021-01-01 05:28:18', '2021-01-01 05:28:18'),
(148, 16, 0, 0, '2021-01-01 05:28:20', '2021-01-01 05:28:20'),
(149, 16, 0, 0, '2021-01-01 05:28:20', '2021-01-01 05:28:20'),
(150, 16, 0, 0, '2021-01-01 05:28:21', '2021-01-01 05:28:21'),
(151, 16, 0, 0, '2021-01-01 05:28:22', '2021-01-01 05:28:22'),
(152, 16, 0, 0, '2021-01-01 05:28:23', '2021-01-01 05:28:23'),
(153, 16, 0, 0, '2021-01-01 05:28:23', '2021-01-01 05:28:23'),
(154, 16, 2, 0, '2021-01-01 05:28:26', '2021-01-01 05:38:04'),
(155, 16, 2, 0, '2021-01-01 05:28:55', '2021-01-01 05:38:04'),
(156, 16, 0, 0, '2021-01-01 05:29:23', '2021-01-01 05:29:23'),
(157, 16, 0, 0, '2021-01-01 05:29:24', '2021-01-01 05:29:24'),
(158, 16, 2, 0, '2021-01-01 05:29:38', '2021-01-01 05:38:04'),
(159, 16, 2, 0, '2021-01-01 05:29:53', '2021-01-01 05:38:04'),
(160, 16, 2, 0, '2021-01-01 05:30:00', '2021-01-01 05:38:04'),
(161, 16, 1, 0, '2021-01-01 05:30:26', '2021-01-01 05:30:27'),
(162, 16, 2, 0, '2021-01-01 05:30:47', '2021-01-01 05:38:04'),
(163, 16, 2, 0, '2021-01-01 05:31:03', '2021-01-01 05:38:04'),
(164, 16, 2, 0, '2021-01-01 05:31:12', '2021-01-01 05:38:04'),
(165, 16, 2, 0, '2021-01-01 05:34:53', '2021-01-01 05:38:04'),
(166, 16, 2, 0, '2021-01-01 05:34:53', '2021-01-01 05:38:04'),
(167, 16, 0, 0, '2021-01-01 05:35:19', '2021-01-01 05:35:19'),
(168, 16, 0, 0, '2021-01-01 05:35:20', '2021-01-01 05:35:20'),
(169, 16, 0, 0, '2021-01-01 05:35:20', '2021-01-01 05:35:20'),
(170, 16, 2, 0, '2021-01-01 05:35:20', '2021-01-01 05:38:04'),
(171, 16, 2, 0, '2021-01-01 05:35:20', '2021-01-01 05:38:04'),
(172, 16, 0, 0, '2021-01-01 05:36:11', '2021-01-01 05:36:11'),
(173, 16, 0, 0, '2021-01-01 05:36:33', '2021-01-01 05:36:33'),
(174, 16, 0, 0, '2021-01-01 05:36:55', '2021-01-01 05:36:55'),
(175, 16, 0, 0, '2021-01-01 05:36:55', '2021-01-01 05:36:55'),
(176, 16, 0, 0, '2021-01-01 05:36:55', '2021-01-01 05:36:55'),
(177, 16, 0, 0, '2021-01-01 05:36:55', '2021-01-01 05:36:55'),
(178, 16, 0, 0, '2021-01-01 05:36:56', '2021-01-01 05:36:56'),
(179, 16, 0, 0, '2021-01-01 05:36:56', '2021-01-01 05:36:56'),
(180, 16, 2, 0, '2021-01-01 05:36:56', '2021-01-01 05:38:04'),
(181, 16, 2, 0, '2021-01-01 05:36:59', '2021-01-01 05:38:04'),
(182, 16, 2, 0, '2021-01-01 05:37:10', '2021-01-01 05:38:04'),
(183, 16, 2, 0, '2021-01-01 05:37:39', '2021-01-01 05:38:04'),
(184, 16, 2, 0, '2021-01-01 05:37:52', '2021-01-01 05:38:04'),
(185, 16, 2, 0, '2021-01-01 05:38:00', '2021-01-01 05:38:04'),
(186, 17, 2, 0, '2021-01-01 06:03:55', '2021-01-01 08:13:51'),
(187, 17, 2, 0, '2021-01-01 06:04:24', '2021-01-01 08:13:51'),
(188, 17, 0, 0, '2021-01-01 06:04:48', '2021-01-01 06:04:48'),
(189, 17, 0, 0, '2021-01-01 06:04:49', '2021-01-01 06:04:49'),
(190, 17, 2, 0, '2021-01-01 06:19:25', '2021-01-01 08:13:51'),
(191, 17, 2, 0, '2021-01-01 06:19:38', '2021-01-01 08:13:51'),
(192, 17, 2, 0, '2021-01-01 06:19:49', '2021-01-01 08:13:51'),
(193, 17, 2, 0, '2021-01-01 06:21:06', '2021-01-01 08:13:51'),
(194, 17, 2, 0, '2021-01-01 06:21:13', '2021-01-01 08:13:51'),
(195, 17, 2, 0, '2021-01-01 06:21:33', '2021-01-01 08:13:51'),
(196, 17, 2, 0, '2021-01-01 06:21:41', '2021-01-01 08:13:51'),
(197, 17, 2, 0, '2021-01-01 06:22:06', '2021-01-01 08:13:51'),
(198, 17, 2, 0, '2021-01-01 06:22:12', '2021-01-01 08:13:51'),
(199, 17, 2, 0, '2021-01-01 06:22:21', '2021-01-01 08:13:51'),
(200, 17, 2, 0, '2021-01-01 06:22:30', '2021-01-01 08:13:51'),
(201, 17, 2, 0, '2021-01-01 06:25:46', '2021-01-01 08:13:51'),
(202, 17, 2, 0, '2021-01-01 06:25:56', '2021-01-01 08:13:51'),
(203, 17, 2, 0, '2021-01-01 06:26:04', '2021-01-01 08:13:51'),
(204, 17, 2, 0, '2021-01-01 06:26:35', '2021-01-01 08:13:51'),
(205, 17, 0, 0, '2021-01-01 06:26:58', '2021-01-01 06:26:58'),
(206, 17, 0, 0, '2021-01-01 06:26:59', '2021-01-01 06:26:59'),
(207, 17, 0, 0, '2021-01-01 06:26:59', '2021-01-01 06:26:59'),
(208, 17, 0, 0, '2021-01-01 06:26:59', '2021-01-01 06:26:59'),
(209, 17, 2, 0, '2021-01-01 06:27:08', '2021-01-01 08:13:51'),
(210, 17, 2, 0, '2021-01-01 06:27:49', '2021-01-01 08:13:51'),
(211, 17, 0, 0, '2021-01-01 06:29:00', '2021-01-01 06:29:00'),
(212, 17, 0, 0, '2021-01-01 06:29:00', '2021-01-01 06:29:00'),
(213, 17, 0, 0, '2021-01-01 06:29:00', '2021-01-01 06:29:00'),
(214, 17, 0, 0, '2021-01-01 06:29:00', '2021-01-01 06:29:00'),
(215, 17, 0, 0, '2021-01-01 06:29:00', '2021-01-01 06:29:00'),
(216, 17, 0, 0, '2021-01-01 06:29:01', '2021-01-01 06:29:01'),
(217, 17, 0, 0, '2021-01-01 06:29:02', '2021-01-01 06:29:02'),
(218, 17, 0, 0, '2021-01-01 06:29:02', '2021-01-01 06:29:02'),
(219, 17, 2, 0, '2021-01-01 06:29:24', '2021-01-01 08:13:51'),
(220, 17, 2, 0, '2021-01-01 06:29:31', '2021-01-01 08:13:51'),
(221, 17, 2, 0, '2021-01-01 06:29:32', '2021-01-01 08:13:51'),
(222, 17, 2, 0, '2021-01-01 06:29:35', '2021-01-01 08:13:51'),
(223, 17, 0, 0, '2021-01-01 06:30:02', '2021-01-01 06:30:02'),
(224, 17, 0, 0, '2021-01-01 06:30:03', '2021-01-01 06:30:03'),
(225, 17, 0, 0, '2021-01-01 06:30:04', '2021-01-01 06:30:04'),
(226, 17, 0, 0, '2021-01-01 06:30:04', '2021-01-01 06:30:04'),
(227, 17, 0, 0, '2021-01-01 06:30:05', '2021-01-01 06:30:05'),
(228, 17, 0, 0, '2021-01-01 06:30:06', '2021-01-01 06:30:06'),
(229, 17, 0, 0, '2021-01-01 06:30:07', '2021-01-01 06:30:07'),
(230, 17, 0, 0, '2021-01-01 06:30:07', '2021-01-01 06:30:07'),
(231, 17, 0, 0, '2021-01-01 06:30:07', '2021-01-01 06:30:07'),
(232, 17, 0, 0, '2021-01-01 06:30:08', '2021-01-01 06:30:08'),
(233, 17, 0, 0, '2021-01-01 06:30:08', '2021-01-01 06:30:08'),
(234, 17, 0, 0, '2021-01-01 06:30:08', '2021-01-01 06:30:08'),
(235, 17, 0, 0, '2021-01-01 06:30:09', '2021-01-01 06:30:09'),
(236, 17, 0, 0, '2021-01-01 06:30:09', '2021-01-01 06:30:09'),
(237, 17, 2, 0, '2021-01-01 06:30:09', '2021-01-01 08:13:51'),
(238, 17, 2, 0, '2021-01-01 06:30:09', '2021-01-01 08:13:51'),
(239, 17, 2, 0, '2021-01-01 06:30:09', '2021-01-01 08:13:51'),
(240, 17, 2, 0, '2021-01-01 06:30:09', '2021-01-01 08:13:51'),
(241, 17, 0, 0, '2021-01-01 06:31:04', '2021-01-01 06:31:04'),
(242, 17, 0, 0, '2021-01-01 06:31:04', '2021-01-01 06:31:04'),
(243, 17, 0, 0, '2021-01-01 06:31:12', '2021-01-01 06:31:12'),
(244, 17, 0, 0, '2021-01-01 06:31:12', '2021-01-01 06:31:12'),
(245, 17, 0, 0, '2021-01-01 06:31:40', '2021-01-01 06:31:40'),
(246, 17, 0, 0, '2021-01-01 06:31:40', '2021-01-01 06:31:40'),
(247, 17, 2, 0, '2021-01-01 06:31:49', '2021-01-01 08:13:51'),
(248, 17, 2, 0, '2021-01-01 06:33:13', '2021-01-01 08:13:51'),
(249, 17, 2, 0, '2021-01-01 06:33:16', '2021-01-01 08:13:51'),
(250, 17, 2, 0, '2021-01-01 06:33:24', '2021-01-01 08:13:51'),
(251, 17, 0, 0, '2021-01-01 06:33:49', '2021-01-01 06:33:49'),
(252, 17, 0, 0, '2021-01-01 06:33:50', '2021-01-01 06:33:50'),
(253, 17, 0, 0, '2021-01-01 06:33:51', '2021-01-01 06:33:51'),
(254, 17, 0, 0, '2021-01-01 06:33:52', '2021-01-01 06:33:52'),
(255, 17, 2, 0, '2021-01-01 06:41:24', '2021-01-01 08:13:51'),
(256, 17, 2, 0, '2021-01-01 06:41:44', '2021-01-01 08:13:51'),
(257, 17, 2, 0, '2021-01-01 06:41:55', '2021-01-01 08:13:51'),
(258, 17, 2, 0, '2021-01-01 06:42:09', '2021-01-01 08:13:51'),
(259, 17, 2, 0, '2021-01-01 06:42:22', '2021-01-01 08:13:51'),
(260, 17, 2, 0, '2021-01-01 06:42:40', '2021-01-01 08:13:51'),
(261, 17, 2, 0, '2021-01-01 06:42:48', '2021-01-01 08:13:51'),
(262, 17, 2, 0, '2021-01-01 06:42:49', '2021-01-01 08:13:51'),
(263, 17, 2, 0, '2021-01-01 06:42:50', '2021-01-01 08:13:51'),
(264, 17, 2, 0, '2021-01-01 06:42:52', '2021-01-01 08:13:51'),
(265, 17, 2, 0, '2021-01-01 06:42:52', '2021-01-01 08:13:51'),
(266, 17, 2, 0, '2021-01-01 06:42:55', '2021-01-01 08:13:51'),
(267, 17, 0, 0, '2021-01-01 06:43:17', '2021-01-01 06:43:17'),
(268, 17, 0, 0, '2021-01-01 06:43:41', '2021-01-01 06:43:41'),
(269, 17, 0, 0, '2021-01-01 06:43:41', '2021-01-01 06:43:41'),
(270, 17, 0, 0, '2021-01-01 06:44:04', '2021-01-01 06:44:04'),
(271, 17, 0, 0, '2021-01-01 06:44:05', '2021-01-01 06:44:05'),
(272, 17, 0, 0, '2021-01-01 06:44:06', '2021-01-01 06:44:06'),
(273, 17, 0, 0, '2021-01-01 06:44:07', '2021-01-01 06:44:07'),
(274, 17, 0, 0, '2021-01-01 06:44:07', '2021-01-01 06:44:07'),
(275, 17, 0, 0, '2021-01-01 06:44:07', '2021-01-01 06:44:07'),
(276, 17, 0, 0, '2021-01-01 06:44:09', '2021-01-01 06:44:09'),
(277, 17, 0, 0, '2021-01-01 06:44:09', '2021-01-01 06:44:09'),
(278, 17, 2, 0, '2021-01-01 06:44:38', '2021-01-01 08:13:51'),
(279, 17, 0, 0, '2021-01-01 06:45:26', '2021-01-01 06:45:26'),
(280, 17, 0, 0, '2021-01-01 06:45:26', '2021-01-01 06:45:26'),
(281, 17, 0, 0, '2021-01-01 06:45:26', '2021-01-01 06:45:26'),
(282, 17, 0, 0, '2021-01-01 06:45:26', '2021-01-01 06:45:26'),
(283, 17, 2, 0, '2021-01-01 06:45:30', '2021-01-01 08:13:51'),
(284, 17, 2, 0, '2021-01-01 06:45:40', '2021-01-01 08:13:51'),
(285, 17, 2, 0, '2021-01-01 06:45:45', '2021-01-01 08:13:51'),
(286, 17, 2, 0, '2021-01-01 06:45:59', '2021-01-01 08:13:51'),
(287, 17, 2, 0, '2021-01-01 06:46:03', '2021-01-01 08:13:51'),
(288, 17, 2, 0, '2021-01-01 06:46:07', '2021-01-01 08:13:51'),
(289, 17, 2, 0, '2021-01-01 06:46:10', '2021-01-01 08:13:51'),
(290, 17, 2, 0, '2021-01-01 06:46:14', '2021-01-01 08:13:51'),
(291, 17, 2, 0, '2021-01-01 06:46:20', '2021-01-01 08:13:51'),
(292, 17, 2, 0, '2021-01-01 06:46:35', '2021-01-01 08:13:51'),
(293, 17, 2, 0, '2021-01-01 06:46:44', '2021-01-01 08:13:51'),
(294, 17, 2, 0, '2021-01-01 06:47:19', '2021-01-01 08:13:51'),
(295, 17, 2, 0, '2021-01-01 06:48:04', '2021-01-01 08:13:51'),
(296, 17, 2, 0, '2021-01-01 06:48:07', '2021-01-01 08:13:51'),
(297, 18, 2, 0, '2021-01-01 08:17:37', '2021-01-01 08:19:00'),
(298, 18, 2, 0, '2021-01-01 08:17:58', '2021-01-01 08:19:00'),
(299, 18, 2, 0, '2021-01-01 08:18:17', '2021-01-01 08:19:00'),
(300, 18, 2, 0, '2021-01-01 08:18:41', '2021-01-01 08:19:00'),
(301, 18, 2, 0, '2021-01-01 08:18:47', '2021-01-01 08:19:00'),
(302, 18, 2, 0, '2021-01-01 08:18:53', '2021-01-01 08:19:00'),
(303, 19, 2, 0, '2021-01-01 09:11:56', '2021-01-01 09:53:35'),
(304, 19, 2, 0, '2021-01-01 09:14:30', '2021-01-01 09:53:35'),
(305, 19, 2, 0, '2021-01-01 09:14:42', '2021-01-01 09:53:35'),
(306, 19, 2, 0, '2021-01-01 09:22:41', '2021-01-01 09:53:35'),
(307, 19, 2, 0, '2021-01-01 09:23:14', '2021-01-01 09:53:35'),
(308, 19, 2, 0, '2021-01-01 09:34:12', '2021-01-01 09:53:35'),
(309, 19, 2, 0, '2021-01-01 09:38:07', '2021-01-01 09:53:35'),
(310, 19, 2, 0, '2021-01-01 09:38:22', '2021-01-01 09:53:35'),
(311, 19, 2, 0, '2021-01-01 09:38:28', '2021-01-01 09:53:35'),
(312, 19, 2, 0, '2021-01-01 09:38:33', '2021-01-01 09:53:35'),
(313, 19, 2, 0, '2021-01-01 09:38:51', '2021-01-01 09:53:35'),
(314, 19, 2, 0, '2021-01-01 09:38:56', '2021-01-01 09:53:35'),
(315, 19, 2, 0, '2021-01-01 09:39:02', '2021-01-01 09:53:35'),
(316, 22, 2, 0, '2021-01-01 09:40:34', '2021-01-01 09:40:42'),
(317, 19, 2, 0, '2021-01-01 09:40:53', '2021-01-01 09:53:35'),
(318, 23, 0, 0, '2021-01-01 10:05:55', '2021-01-01 10:05:55'),
(319, 23, 0, 0, '2021-01-01 10:05:55', '2021-01-01 10:05:55'),
(320, 23, 0, 0, '2021-01-01 10:05:55', '2021-01-01 10:05:55'),
(321, 23, 0, 0, '2021-01-01 10:05:55', '2021-01-01 10:05:55'),
(322, 23, 0, 0, '2021-01-01 10:05:56', '2021-01-01 10:05:56'),
(323, 23, 2, 0, '2021-01-01 10:05:56', '2021-01-01 10:17:25'),
(324, 23, 2, 0, '2021-01-01 10:05:57', '2021-01-01 10:17:25'),
(325, 23, 2, 0, '2021-01-01 10:06:24', '2021-01-01 10:17:25'),
(326, 24, 2, 0, '2021-01-01 10:07:05', '2021-01-01 10:07:11'),
(327, 23, 2, 0, '2021-01-01 10:07:28', '2021-01-01 10:17:25'),
(328, 23, 0, 0, '2021-01-01 10:08:35', '2021-01-01 10:08:35'),
(329, 23, 0, 0, '2021-01-01 10:08:35', '2021-01-01 10:08:35'),
(330, 23, 0, 0, '2021-01-01 10:08:35', '2021-01-01 10:08:35'),
(331, 23, 2, 0, '2021-01-01 10:08:36', '2021-01-01 10:17:25'),
(332, 23, 2, 0, '2021-01-01 10:08:36', '2021-01-01 10:17:25'),
(333, 23, 2, 0, '2021-01-01 10:15:29', '2021-01-01 10:17:25'),
(334, 23, 2, 0, '2021-01-01 10:15:34', '2021-01-01 10:17:25'),
(335, 23, 2, 0, '2021-01-01 10:15:39', '2021-01-01 10:17:25'),
(336, 23, 2, 0, '2021-01-01 10:15:55', '2021-01-01 10:17:25'),
(337, 23, 2, 0, '2021-01-01 10:17:17', '2021-01-01 10:17:25'),
(338, 26, 2, 0, '2021-01-01 10:19:04', '2021-01-01 12:06:46'),
(339, 25, 2, 0, '2021-01-01 10:19:29', '2021-01-01 12:05:26'),
(340, 25, 2, 0, '2021-01-01 10:19:49', '2021-01-01 12:05:26'),
(341, 25, 2, 0, '2021-01-01 10:19:59', '2021-01-01 12:05:26'),
(342, 25, 2, 0, '2021-01-01 10:20:08', '2021-01-01 12:05:26'),
(343, 26, 2, 0, '2021-01-01 10:20:24', '2021-01-01 12:06:46'),
(344, 25, 2, 0, '2021-01-01 10:21:13', '2021-01-01 12:05:26'),
(345, 25, 2, 0, '2021-01-01 10:21:15', '2021-01-01 12:05:26'),
(346, 25, 2, 0, '2021-01-01 10:21:19', '2021-01-01 12:05:26'),
(347, 25, 2, 0, '2021-01-01 10:22:09', '2021-01-01 12:05:26'),
(348, 25, 2, 0, '2021-01-01 10:22:10', '2021-01-01 12:05:26'),
(349, 25, 2, 0, '2021-01-01 10:22:10', '2021-01-01 12:05:26'),
(350, 25, 2, 0, '2021-01-01 10:22:10', '2021-01-01 12:05:26'),
(351, 25, 2, 0, '2021-01-01 10:22:14', '2021-01-01 12:05:26'),
(352, 25, 2, 0, '2021-01-01 10:22:37', '2021-01-01 12:05:26'),
(353, 26, 0, 0, '2021-01-01 10:28:25', '2021-01-01 10:28:25'),
(354, 26, 0, 0, '2021-01-01 10:28:31', '2021-01-01 10:28:31'),
(355, 25, 0, 0, '2021-01-01 10:28:53', '2021-01-01 10:28:53'),
(356, 25, 2, 0, '2021-01-01 10:31:50', '2021-01-01 12:05:26'),
(357, 25, 2, 0, '2021-01-01 10:32:12', '2021-01-01 12:05:26'),
(358, 25, 2, 0, '2021-01-01 10:32:44', '2021-01-01 12:05:26'),
(359, 25, 2, 0, '2021-01-01 10:32:52', '2021-01-01 12:05:26'),
(360, 25, 2, 0, '2021-01-01 10:32:56', '2021-01-01 12:05:26'),
(361, 25, 2, 0, '2021-01-01 10:35:37', '2021-01-01 12:05:26'),
(362, 26, 2, 0, '2021-01-01 10:35:38', '2021-01-01 12:06:46'),
(363, 26, 2, 0, '2021-01-01 10:35:49', '2021-01-01 12:06:46'),
(364, 26, 2, 0, '2021-01-01 10:36:15', '2021-01-01 12:06:46'),
(365, 26, 2, 0, '2021-01-01 10:36:16', '2021-01-01 12:06:46'),
(366, 26, 2, 0, '2021-01-01 10:36:16', '2021-01-01 12:06:46'),
(367, 26, 2, 0, '2021-01-01 10:36:16', '2021-01-01 12:06:46'),
(368, 26, 2, 0, '2021-01-01 10:36:21', '2021-01-01 12:06:46'),
(369, 26, 2, 0, '2021-01-01 10:36:36', '2021-01-01 12:06:46'),
(370, 26, 2, 0, '2021-01-01 10:37:01', '2021-01-01 12:06:46'),
(371, 26, 2, 0, '2021-01-01 10:37:05', '2021-01-01 12:06:46'),
(372, 25, 2, 0, '2021-01-01 10:37:34', '2021-01-01 12:05:26'),
(373, 25, 2, 0, '2021-01-01 10:37:57', '2021-01-01 12:05:26'),
(374, 26, 2, 0, '2021-01-01 10:38:31', '2021-01-01 12:06:46'),
(375, 25, 2, 0, '2021-01-01 11:21:51', '2021-01-01 12:05:26'),
(376, 25, 2, 0, '2021-01-01 11:22:38', '2021-01-01 12:05:26'),
(377, 25, 2, 0, '2021-01-01 11:22:38', '2021-01-01 12:05:26'),
(378, 25, 2, 0, '2021-01-01 11:23:05', '2021-01-01 12:05:26'),
(379, 25, 2, 0, '2021-01-01 11:23:17', '2021-01-01 12:05:26'),
(380, 25, 2, 0, '2021-01-01 11:23:41', '2021-01-01 12:05:26'),
(381, 25, 2, 0, '2021-01-01 11:23:56', '2021-01-01 12:05:26'),
(382, 25, 2, 0, '2021-01-01 11:24:02', '2021-01-01 12:05:26'),
(383, 25, 2, 0, '2021-01-01 11:24:14', '2021-01-01 12:05:26'),
(384, 25, 2, 0, '2021-01-01 11:24:27', '2021-01-01 12:05:26'),
(385, 25, 2, 0, '2021-01-01 11:24:38', '2021-01-01 12:05:26'),
(386, 25, 2, 0, '2021-01-01 11:24:51', '2021-01-01 12:05:26'),
(387, 25, 2, 0, '2021-01-01 11:25:07', '2021-01-01 12:05:26'),
(388, 25, 2, 0, '2021-01-01 11:38:49', '2021-01-01 12:05:26'),
(389, 26, 2, 0, '2021-01-01 11:43:10', '2021-01-01 12:06:46'),
(390, 25, 2, 0, '2021-01-01 11:43:38', '2021-01-01 12:05:26'),
(391, 25, 2, 0, '2021-01-01 11:43:43', '2021-01-01 12:05:26'),
(392, 26, 2, 0, '2021-01-01 11:45:42', '2021-01-01 12:06:46'),
(393, 25, 2, 0, '2021-01-01 11:45:55', '2021-01-01 12:05:26'),
(394, 26, 2, 0, '2021-01-01 11:46:40', '2021-01-01 12:06:46'),
(395, 25, 2, 0, '2021-01-01 12:01:17', '2021-01-01 12:05:26'),
(396, 25, 2, 0, '2021-01-01 12:01:42', '2021-01-01 12:05:26'),
(397, 25, 2, 0, '2021-01-01 12:01:49', '2021-01-01 12:05:26'),
(398, 25, 2, 0, '2021-01-01 12:01:55', '2021-01-01 12:05:26'),
(399, 25, 2, 0, '2021-01-01 12:02:00', '2021-01-01 12:05:26'),
(400, 25, 2, 0, '2021-01-01 12:02:09', '2021-01-01 12:05:26'),
(401, 25, 2, 0, '2021-01-01 12:02:20', '2021-01-01 12:05:26'),
(402, 25, 2, 0, '2021-01-01 12:02:34', '2021-01-01 12:05:26'),
(403, 25, 2, 0, '2021-01-01 12:03:09', '2021-01-01 12:05:26'),
(404, 26, 2, 0, '2021-01-01 12:03:50', '2021-01-01 12:06:46'),
(405, 25, 2, 0, '2021-01-01 12:04:13', '2021-01-01 12:05:26'),
(406, 25, 2, 0, '2021-01-01 12:04:21', '2021-01-01 12:05:26'),
(407, 25, 0, 0, '2021-01-01 12:04:57', '2021-01-01 12:04:57'),
(408, 25, 2, 0, '2021-01-01 12:05:48', '2021-01-01 12:05:54');

-- --------------------------------------------------------

--
-- Table structure for table `migrations`
--

CREATE TABLE `migrations` (
  `id` int(10) UNSIGNED NOT NULL,
  `migration` varchar(255) COLLATE utf8mb4_unicode_ci NOT NULL,
  `batch` int(11) NOT NULL
) ENGINE=InnoDB DEFAULT CHARSET=utf8mb4 COLLATE=utf8mb4_unicode_ci;

--
-- Dumping data for table `migrations`
--

INSERT INTO `migrations` (`id`, `migration`, `batch`) VALUES
(1, '2014_10_12_000000_create_users_table', 1),
(2, '2014_10_12_100000_create_password_resets_table', 1),
(3, '2016_06_01_000001_create_oauth_auth_codes_table', 1),
(4, '2016_06_01_000002_create_oauth_access_tokens_table', 1),
(5, '2016_06_01_000003_create_oauth_refresh_tokens_table', 1),
(6, '2016_06_01_000004_create_oauth_clients_table', 1),
(7, '2016_06_01_000005_create_oauth_personal_access_clients_table', 1),
(8, '2019_08_19_000000_create_failed_jobs_table', 1),
(9, '2020_12_25_054825_create_configs_table', 2),
(22, '2020_12_26_234526_create_conversations_table', 3),
(23, '2020_12_26_235342_create_messages_table', 3);

-- --------------------------------------------------------

--
-- Table structure for table `oauth_access_tokens`
--

CREATE TABLE `oauth_access_tokens` (
  `id` varchar(100) COLLATE utf8mb4_unicode_ci NOT NULL,
  `user_id` bigint(20) UNSIGNED DEFAULT NULL,
  `client_id` bigint(20) UNSIGNED NOT NULL,
  `name` varchar(255) COLLATE utf8mb4_unicode_ci DEFAULT NULL,
  `scopes` text COLLATE utf8mb4_unicode_ci DEFAULT NULL,
  `revoked` tinyint(1) NOT NULL,
  `created_at` timestamp NULL DEFAULT NULL,
  `updated_at` timestamp NULL DEFAULT NULL,
  `expires_at` datetime DEFAULT NULL
) ENGINE=InnoDB DEFAULT CHARSET=utf8mb4 COLLATE=utf8mb4_unicode_ci;

--
-- Dumping data for table `oauth_access_tokens`
--

INSERT INTO `oauth_access_tokens` (`id`, `user_id`, `client_id`, `name`, `scopes`, `revoked`, `created_at`, `updated_at`, `expires_at`) VALUES
('0010d898130762b451004331d17e1d4be245365941f87e36b06b2244c50bbb59a00caa88081be7fc', 52, 1, 'Personal Access Token', '[]', 0, '2021-01-01 08:16:40', '2021-01-01 08:16:40', '2022-01-01 13:16:40'),
('00a97df9a0120fef89db97e5cef0cd8e9c0be6e43ef0fed5447e894b1c42af9a2003e72bd4a1d9f7', 4, 1, 'Personal Access Token', '[]', 0, '2020-12-25 19:46:57', '2020-12-25 19:46:57', '2021-12-26 00:46:57'),
('00d7efa0ca47bc2dd0f5825d8da53d3f163fc8e4e47883b496c1c6bb3535f12816ef248f7f05320d', 1, 1, 'Personal Access Token', '[]', 0, '2020-12-25 18:41:21', '2020-12-25 18:41:21', '2021-12-25 23:41:21'),
('07452f345058421852a8ca60262a3377c368bd77cb21121fc95663838eef589950fca10db20d074b', 9, 1, 'Personal Access Token', '[]', 0, '2020-12-26 20:28:13', '2020-12-26 20:28:13', '2021-12-27 01:28:13'),
('0805d0f16b88b34ca69e93660fe1fc8679d76371aa3e6750e6c4e5cd1edfea7b0a765e8fca806114', 4, 1, 'Personal Access Token', '[]', 0, '2020-12-24 15:11:39', '2020-12-24 15:11:39', '2021-12-24 20:11:39'),
('08ed51eba4a4536d079fde270903c95229b759a62d28e606a69daa2ac3e9eefcb18902cae9c6d221', 12, 1, 'Personal Access Token', '[]', 0, '2020-12-26 20:28:14', '2020-12-26 20:28:14', '2021-12-27 01:28:14'),
('0931edb3d85ec150f93549008d45eb42f969066d5105f40dc0d52e70530259457449e1784918249a', 7, 1, 'Personal Access Token', '[]', 0, '2020-12-25 19:49:56', '2020-12-25 19:49:56', '2021-12-26 00:49:56'),
('0c173b73feef4fe444c15080456a8b1ecd17b1efcc24468c18cd36516b134cbcec8cadd122c622dd', 2, 1, 'Personal Access Token', '[]', 0, '2020-12-25 18:46:49', '2020-12-25 18:46:49', '2021-12-25 23:46:49'),
('0c3729101c75d07a03f64baca4b9bfd955aa98fe8c7ff06014d871a238125f60f883fae8d61b40d5', 18, 1, 'Personal Access Token', '[]', 0, '2020-12-28 01:18:42', '2020-12-28 01:18:42', '2021-12-28 06:18:42'),
('0e677798beefe070ce08205609fd52d41b8160e686670c9fc35c68386ab8cc5abde04f94c3e1ce46', 27, 1, 'Personal Access Token', '[]', 0, '2020-12-27 00:31:50', '2020-12-27 00:31:50', '2021-12-27 05:31:50'),
('0e8613a1e6b145312cf43626d36eb7adb6b493563700b3f834765a483eaaa2e86c396157ed8b4f15', 3, 1, 'Personal Access Token', '[]', 0, '2020-12-27 16:40:39', '2020-12-27 16:40:39', '2021-12-27 21:40:39'),
('12ab41da2f7e42af18c014ad637027483c71f13d608f56697c501d5583e086cf054c163f4ce03ba9', 22, 1, 'Personal Access Token', '[]', 0, '2020-12-27 00:31:48', '2020-12-27 00:31:48', '2021-12-27 05:31:48'),
('12ffd0363f30ad1b95761ace77882756b078cfdbd1b0b960fcd690c8d4bd2117040b7d8df8ca086d', 27, 1, 'Personal Access Token', '[]', 0, '2020-12-31 08:11:12', '2020-12-31 08:11:12', '2021-12-31 13:11:12'),
('13b4b79625dc2a4571f53169d89edd40c6ca400e371eda31856a3895c90b5fc5edf9a48e727ab9a1', 29, 1, 'Personal Access Token', '[]', 0, '2020-12-27 15:46:53', '2020-12-27 15:46:53', '2021-12-27 20:46:53'),
('15971937320acc011371ee12118170e9b886b5041583bf76ef0c50f60f90a9282d44eecca0857509', 3, 1, 'Personal Access Token', '[]', 0, '2020-12-24 14:11:37', '2020-12-24 14:11:37', '2021-12-24 19:11:37'),
('16535d217f74b21a491cfced3f02a1a80fa3141ada5e316dbb0fe7dce3963084a930f619cf271812', 13, 1, 'Personal Access Token', '[]', 0, '2020-12-27 22:32:06', '2020-12-27 22:32:06', '2021-12-28 03:32:06'),
('1690a0bb868d4b3e6a940ddbfabf0bf626a4ab00732700b2a0580418f34d35b2b0913027baf3aefe', 20, 1, 'Personal Access Token', '[]', 0, '2020-12-26 23:50:19', '2020-12-26 23:50:19', '2021-12-27 04:50:19'),
('17cf294a05a02d145305b1cc0f0deec1bd3d0f097f0076f6b8cb50245f3df899120ca316e7786cad', 59, 1, 'Personal Access Token', '[]', 0, '2021-01-01 10:03:55', '2021-01-01 10:03:55', '2022-01-01 15:03:55'),
('19fc33ecfc09e826616b92681a32d36b546df109b5261ba746f527d061dc926dabcdb0a25c2c1b12', 16, 1, 'Personal Access Token', '[]', 0, '2020-12-27 23:15:01', '2020-12-27 23:15:01', '2021-12-28 04:15:01'),
('1b570a5c89b87e834a80585e65c58761654d50bea0199520e92d60a63312164e156c25f4a884aefa', 60, 1, 'Personal Access Token', '[]', 0, '2021-01-01 10:18:04', '2021-01-01 10:18:04', '2022-01-01 15:18:04'),
('1f1e582d75eafb9eb0ae82b359b2542e6af83587389be84f973efec645f520f584e50492e0d47d9d', 1, 1, 'Personal Access Token', '[]', 0, '2020-12-25 20:13:03', '2020-12-25 20:13:03', '2021-12-26 01:13:03'),
('218608756eb3fc8a10ad219f9669b0f0c2103d76fb22de0ded8f6d7001e48933d75a0069e39910f4', 51, 1, 'Personal Access Token', '[]', 0, '2021-01-01 06:03:18', '2021-01-01 06:03:18', '2022-01-01 11:03:18'),
('280f0be9a6fa0624057fe3e1aa94ed10ccfa85d144bd3cc095af8ca4bef56af048499b5bcc1cf345', 49, 1, 'Personal Access Token', '[]', 0, '2021-01-01 05:15:12', '2021-01-01 05:15:12', '2022-01-01 10:15:12'),
('2b084dd7ab099cef8b71e800532e75fdef29120b296d92a257e23ccaa72c0786168d5ffaaffcd815', 4, 1, 'Personal Access Token', '[]', 0, '2020-12-26 20:28:12', '2020-12-26 20:28:12', '2021-12-27 01:28:12'),
('2c4d7dccf23839f949621490a848f8f0e7bf71357064ace5a667427d2cc199810a64ba492f0bf8a8', 29, 1, 'Personal Access Token', '[]', 0, '2020-12-31 08:12:19', '2020-12-31 08:12:19', '2021-12-31 13:12:19'),
('2df4af782392a8ad8417261d976275c74695e408046e8fa4b57da60361d22d58cc27251ecff9714e', 25, 1, 'Personal Access Token', '[]', 0, '2020-12-27 00:31:49', '2020-12-27 00:31:49', '2021-12-27 05:31:49'),
('305c5f219d716022afc253777de9848d1a74d8ff94a0c39727bcd77814eb55dacdccbaaf6ceb132c', 23, 1, 'Personal Access Token', '[]', 0, '2020-12-27 00:31:49', '2020-12-27 00:31:49', '2021-12-27 05:31:49'),
('32c3776abc0e9854255b08606f3d9807c76a6d7b14e8160e62a6b3c8e949bbe1605ab5e740c62a7b', 61, 1, 'Personal Access Token', '[]', 0, '2021-01-01 10:18:04', '2021-01-01 10:18:04', '2022-01-01 15:18:04'),
('3425306100a5ed51703a04fb4b330b6d7919de7eb0cb3c5a8896bed57c5b0a7417d1fd28fdc24484', 7, 1, 'Personal Access Token', '[]', 0, '2020-12-27 16:40:43', '2020-12-27 16:40:43', '2021-12-27 21:40:43'),
('38a53191ecee79f0d562cde766007dcab5a6584ec398a07352182a78b1e24b4ed6593917ad42753b', 13, 1, 'Personal Access Token', '[]', 0, '2020-12-26 20:28:14', '2020-12-26 20:28:14', '2021-12-27 01:28:14'),
('38cb1a9ac9672aef3c91adc13b40c02066b781ec9a41733dc082c2e949d0a21be8e1c2ea55af19ce', 14, 1, 'Personal Access Token', '[]', 0, '2020-12-25 18:30:10', '2020-12-25 18:30:10', '2021-12-25 23:30:10'),
('3d39aa2ce85af6c449c2047a50a41a41653f436cfd940be3a7af8451d9bf47c5fea2a53c394763bb', 10, 1, 'Personal Access Token', '[]', 0, '2020-12-24 15:11:49', '2020-12-24 15:11:49', '2021-12-24 20:11:49'),
('3e81577efa6bbf829e8d562c6903bbf8c089dc844ebd216c723111ff7783674a70da1ff5403bdce6', 18, 1, 'Personal Access Token', '[]', 0, '2020-12-26 20:29:05', '2020-12-26 20:29:05', '2021-12-27 01:29:05'),
('42e0f55a443d84aec7c710a9360d095b646baff8f83d41a6f4061c7dc85cdededf1f7c61b8c32dca', 17, 1, 'Personal Access Token', '[]', 0, '2020-12-26 20:28:16', '2020-12-26 20:28:16', '2021-12-27 01:28:16'),
('433ae179caff2c9eee5ca66ded3a4036f5b52e070b4a630e153583a0d67efee5916fb2cdb17f9284', 8, 1, 'Personal Access Token', '[]', 0, '2020-12-25 19:50:38', '2020-12-25 19:50:38', '2021-12-26 00:50:38'),
('439fd1e96b6b9e3a54f9c5c3081f4191b3e2b7c631b45af990b8c999d8c08c2a1be0728f0b34ab4a', 26, 1, 'Personal Access Token', '[]', 0, '2020-12-31 08:11:05', '2020-12-31 08:11:05', '2021-12-31 13:11:05'),
('45a27b8d1cdc58a53c694b66eed1f4e6f885f161f2b9cf83c50c72db38a806cf38c6def1fe577ac3', 20, 1, 'Personal Access Token', '[]', 0, '2020-12-29 03:49:22', '2020-12-29 03:49:22', '2021-12-29 08:49:22'),
('49cbb6c44bd1ffd9cb6fe81af1118135927b9cea788b3a7a359b6effb558c3772a419b5d9255ff90', 4, 1, 'Personal Access Token', '[]', 0, '2020-12-27 16:40:40', '2020-12-27 16:40:40', '2021-12-27 21:40:40'),
('4b265fb39f74ce25c3b99bde12db82dbc37b8006a56dd2c5602b13bdf209517652cf0d4873f9f049', 25, 1, 'Personal Access Token', '[]', 0, '2020-12-29 09:36:44', '2020-12-29 09:36:44', '2021-12-29 14:36:44'),
('4f1b01c8c2a0f5b7cba4299365881103d2ede68e6a3811b43ad4503e824155b32af4a6fe01cc3098', 5, 1, 'Personal Access Token', '[]', 0, '2020-12-26 20:28:13', '2020-12-26 20:28:13', '2021-12-27 01:28:13'),
('506766163a1ce36499b624c2663cad41c50f1390f69016604d740ca4177da13048bdf4ebfb8accbe', 9, 1, 'Personal Access Token', '[]', 0, '2020-12-25 19:51:18', '2020-12-25 19:51:18', '2021-12-26 00:51:18'),
('50ad7874247f9a0a9be72cdd429f3b63f74e80171e91350f53e8cd8dfbb6a497280a139880f31cec', 57, 1, 'Personal Access Token', '[]', 0, '2021-01-01 09:09:34', '2021-01-01 09:09:34', '2022-01-01 14:09:34'),
('54c7bd48b76e8bf91503e7ec9c2ccfc86bbf65b4cda55011c89c0382d7e14f7b4dda99d9088ba736', 2, 1, 'Personal Access Token', '[]', 0, '2020-12-26 18:29:31', '2020-12-26 18:29:31', '2021-12-26 23:29:31'),
('576f7d4b461e3e6388c1c61e0abcdba339c89a9751b1745075c57e6253d7dbbad01f52376ed19a4c', 16, 1, 'Personal Access Token', '[]', 0, '2020-12-26 20:28:15', '2020-12-26 20:28:15', '2021-12-27 01:28:15'),
('57a016bbae62d0e8308a98f33f1597b7e54c7e907cc59ad6dde4883e58446178da6630f3693b6501', 43, 1, 'Personal Access Token', '[]', 0, '2021-01-01 00:00:56', '2021-01-01 00:00:56', '2022-01-01 05:00:56'),
('5ab1982767d9f470d149d1a2174b9b24d8f6404445c410dc49459ff5e2bdacd74c2d304916c214a9', 31, 1, 'Personal Access Token', '[]', 0, '2020-12-31 08:14:19', '2020-12-31 08:14:19', '2021-12-31 13:14:19'),
('5d2651975abf8e8a1d0078b3a4f6b1457e505bba1aec00f86923b7f97739d5ff4dd6d0a1e1a99bff', 28, 1, 'Personal Access Token', '[]', 0, '2020-12-27 00:34:58', '2020-12-27 00:34:58', '2021-12-27 05:34:58'),
('5e3c8374c0d4055ad8d95d0bac1d749cb32083dca4b40869d606f1ee4482c37a055e4f7c366ca643', 6, 1, 'Personal Access Token', '[]', 0, '2020-12-26 20:28:13', '2020-12-26 20:28:13', '2021-12-27 01:28:13'),
('5fe4be1c6d586defcd154e6f9999fbdb38daf2a996ad7cf7db4be80109f87108bb862772f10a26f2', 30, 1, 'Personal Access Token', '[]', 0, '2020-12-27 16:34:49', '2020-12-27 16:34:49', '2021-12-27 21:34:49'),
('60e34ee4ad6e19fb78423815df017deca01e9b7f301a79b0e0df674cfe0bbf021a2984fc6a3ba2f5', 39, 1, 'Personal Access Token', '[]', 0, '2020-12-31 23:45:55', '2020-12-31 23:45:55', '2022-01-01 04:45:55'),
('632b1aa4ebec2718dd829774d1754b625f1a1b70542850d5fb58860deee1bf0e82999b80d7a2811d', 3, 1, 'Personal Access Token', '[]', 0, '2020-12-26 20:28:12', '2020-12-26 20:28:12', '2021-12-27 01:28:12'),
('6557455610e78c497255804a95d72581c039864e941c7f960b6f4670e275758541569abeb051f477', 9, 1, 'Personal Access Token', '[]', 0, '2020-12-27 16:41:50', '2020-12-27 16:41:50', '2021-12-27 21:41:50'),
('6575a1d201bd4f04402f59140ccd3b2487e47cde998bac2387e94cd6bcf88a6c961b9a600f2ae00d', 38, 1, 'Personal Access Token', '[]', 0, '2020-12-31 23:44:57', '2020-12-31 23:44:57', '2022-01-01 04:44:57'),
('6a5814490f9ee86dc920b4e3963a804b1158038bf1cf1542d9c76273875c0077ecc4bebf669635fc', 26, 1, 'Personal Access Token', '[]', 0, '2020-12-27 00:31:49', '2020-12-27 00:31:49', '2021-12-27 05:31:49'),
('6e5eae672fc3e0b40f7dc05055d06e3d6e82cf0e695106cbf391e63a3d022f917f83dd8565bd9552', 7, 1, 'Personal Access Token', '[]', 0, '2020-12-24 15:11:45', '2020-12-24 15:11:45', '2021-12-24 20:11:45'),
('6f3d6fc16181e88a22ca367994acf5ea8fb678b3e28ae032b3955133772735d6e9c48964f8ef62b1', 23, 1, 'Personal Access Token', '[]', 0, '2020-12-29 04:11:50', '2020-12-29 04:11:50', '2021-12-29 09:11:50'),
('6ff63be60fdcc67c6d7ee27e30fd9bc905b07b8b6377199bdc3f9131a1cf381b15e7f5a784af4cef', 32, 1, 'Personal Access Token', '[]', 0, '2020-12-31 08:15:09', '2020-12-31 08:15:09', '2021-12-31 13:15:09'),
('76b812d57e0a78ea207a3876d8127ffc94eeff37f2e78535b95041af49e33f3d91ff8fab78edb53a', 19, 1, 'Personal Access Token', '[]', 0, '2020-12-29 03:33:00', '2020-12-29 03:33:00', '2021-12-29 08:33:00'),
('78753e8174133b908ed0f177c5a4005461ef12c800712be63a7a7d9a10796b219ee5fe8461d465f9', 33, 1, 'Personal Access Token', '[]', 0, '2020-12-31 23:35:26', '2020-12-31 23:35:26', '2022-01-01 04:35:26'),
('7adf9156c8075b01d50fa2bfc69c56fc5d2a0869d4ba467005f6ed8e45ba9e40f894be86b8f283f0', 2, 1, 'Personal Access Token', '[]', 0, '2020-12-27 16:40:37', '2020-12-27 16:40:37', '2021-12-27 21:40:37'),
('7ea06507ca97acacf6204eef5caaf1a61b59de6c280585f73a4b1541485d3e1b57ebbc5c58499f52', 6, 1, 'Personal Access Token', '[]', 0, '2020-12-24 15:11:44', '2020-12-24 15:11:44', '2021-12-24 20:11:44'),
('800f4da60aa1ba70417ee0e18fc9c80dff255648110803761ae2e0c133e0a99d2917418dfc854da3', 30, 1, 'Personal Access Token', '[]', 0, '2020-12-31 08:13:14', '2020-12-31 08:13:14', '2021-12-31 13:13:14'),
('80c09b9181640b4fee30f227ea759655b29450cd177137719137c501ae674081b3efe14b69946bd4', 1, 1, 'Personal Access Token', '[]', 0, '2020-12-27 16:35:59', '2020-12-27 16:35:59', '2021-12-27 21:35:59'),
('82d77fd7e1fc1f8eec5655fdb0c3cc7c8d280a10051d726825a89ac0b0434eab14a210ead6cb0d35', 5, 1, 'Personal Access Token', '[]', 0, '2020-12-25 19:49:21', '2020-12-25 19:49:21', '2021-12-26 00:49:21'),
('8715867c2937a1199b76fd920e74782b356eaca95cf325b5bb6f84d3cb594c969f866f64d43fde17', 58, 1, 'Personal Access Token', '[]', 0, '2021-01-01 10:03:54', '2021-01-01 10:03:54', '2022-01-01 15:03:54'),
('8d8eb1f01b042328ade0432477b6f7836f98d828dbede34d0f272f73df993b9e6ccb21045477f30c', 55, 1, 'Personal Access Token', '[]', 0, '2021-01-01 08:29:11', '2021-01-01 08:29:11', '2022-01-01 13:29:11'),
('8e6e19419910f8630336b64c1ad046532e6c26e3f9c5ec1adbeaca39dc4f39abba092cb07e60d742', 34, 1, 'Personal Access Token', '[]', 0, '2020-12-31 23:38:17', '2020-12-31 23:38:17', '2022-01-01 04:38:17'),
('8fec4d5ab4571bd14a6b3392fbc070ab00fe74d0d3a5576155b3f57d362f0e5d5e0477b10b8d1081', 9, 1, 'Personal Access Token', '[]', 0, '2020-12-24 15:11:48', '2020-12-24 15:11:48', '2021-12-24 20:11:48'),
('90c255490b21788d319292dc6563ef3ee0d5b0c145251a052c582582c88cb2effba044b2536e0f57', 21, 1, 'Personal Access Token', '[]', 0, '2020-12-29 04:01:16', '2020-12-29 04:01:16', '2021-12-29 09:01:16'),
('92cf233ec337f18e0331aa2303bdac30ee369c792ef6bc6156c0e430432e9614ff0ca41c7556348d', 37, 1, 'Personal Access Token', '[]', 0, '2020-12-31 23:41:58', '2020-12-31 23:41:58', '2022-01-01 04:41:58'),
('949d82d954952542537058451c29745922c4c57504d9a144828109d685c1dcfc709824d992258857', 15, 1, 'Personal Access Token', '[]', 0, '2020-12-25 18:31:20', '2020-12-25 18:31:20', '2021-12-25 23:31:20'),
('95012c03b214d6cc35b4f2601d7bca7138db70685920c61895cd3219c7a94468949bd78578d9412c', 10, 1, 'Personal Access Token', '[]', 0, '2020-12-27 18:05:35', '2020-12-27 18:05:35', '2021-12-27 23:05:35'),
('95266003c53c2f8ca884fab79f385722dad6a88e6c01f13e0fb45ce6d84336c2669ff7e9a09d9f87', 44, 1, 'Personal Access Token', '[]', 0, '2021-01-01 01:27:42', '2021-01-01 01:27:42', '2022-01-01 06:27:42'),
('9573f28ea2c9cc447655edfea7f4249d53afaec3caefe15ab4709d2b9bafdb5f3ec6c68fe1b494b0', 45, 1, 'Personal Access Token', '[]', 0, '2021-01-01 01:28:15', '2021-01-01 01:28:15', '2022-01-01 06:28:15'),
('958a579bc4b399c7bd77d03f009c0d8214b97b3c3105b111dd6ed7b96d658bbad990a56a91293ee9', 17, 1, 'Personal Access Token', '[]', 0, '2020-12-28 00:28:12', '2020-12-28 00:28:12', '2021-12-28 05:28:12'),
('96de260c1cb2d91d6ef524a5fd06ff7f8e412f7f2a97b78fdb19c10b161d2d6b78472f52d7f90990', 46, 1, 'Personal Access Token', '[]', 0, '2021-01-01 04:49:03', '2021-01-01 04:49:03', '2022-01-01 09:49:03'),
('99a7a5510eb5d7fe73c8a5fdccc9188803d76810b318cb69f823298758f10a9868858e87004fb4c8', 5, 1, 'Personal Access Token', '[]', 0, '2020-12-27 16:40:41', '2020-12-27 16:40:41', '2021-12-27 21:40:41'),
('a0f07cb54461c494386389ced7ef49cac76fe9df5e5ffdba6b4037c1112ed1f06f0a572451a9657f', 21, 1, 'Personal Access Token', '[]', 0, '2020-12-27 00:31:48', '2020-12-27 00:31:48', '2021-12-27 05:31:48'),
('a307b37f7d8390afad014d8badf9b13a689963deb38ee14f6805b05db58a2f05fde7b295a6ca5662', 8, 1, 'Personal Access Token', '[]', 0, '2020-12-26 20:28:13', '2020-12-26 20:28:13', '2021-12-27 01:28:13'),
('a4cf9241d8e1d65340c53aeef3bef4f753df7e1ce887183c5ba16cc2b7448152ca2b4962af6d03c7', 24, 1, 'Personal Access Token', '[]', 0, '2020-12-29 04:14:10', '2020-12-29 04:14:10', '2021-12-29 09:14:10'),
('aff56af31773420e45a783dd637cbfbd0670ab6ad517f433d84816c3c118524bc4f097db5df9a2df', 36, 1, 'Personal Access Token', '[]', 0, '2020-12-31 23:40:29', '2020-12-31 23:40:29', '2022-01-01 04:40:29'),
('b92ddbbdadefb717996c195ba061f08e265905363e43ee8a3c8d9c8830dcb157fb68ae1579f7fe8c', 15, 1, 'Personal Access Token', '[]', 0, '2020-12-26 20:28:15', '2020-12-26 20:28:15', '2021-12-27 01:28:15'),
('b9fcbc786989998b6ab34b0ccddaa22650d47ccc9331fe3479520fec2f817abf8dc64c7258487a98', 41, 1, 'Personal Access Token', '[]', 0, '2020-12-31 23:57:02', '2020-12-31 23:57:02', '2022-01-01 04:57:02'),
('ba37967602b04e786a81d82178c138288d9e548b55f6f296924498b0d24969728c3ae74b91f1fa60', 12, 1, 'Personal Access Token', '[]', 0, '2020-12-27 20:04:20', '2020-12-27 20:04:20', '2021-12-28 01:04:20'),
('bb6eeb7869395b728f29e4cb525e88885c74e626ae1145533262757420e051ad671592a7bf8ed9e8', 8, 1, 'Personal Access Token', '[]', 0, '2020-12-24 15:11:47', '2020-12-24 15:11:47', '2021-12-24 20:11:47'),
('bf8ce39cd6e7b2a0679873086c1fcf75670f4c3547e137778d5d8514451c25699cbba88b9fe61f77', 13, 1, 'Personal Access Token', '[]', 0, '2020-12-25 16:48:59', '2020-12-25 16:48:59', '2021-12-25 21:48:59'),
('c0a64b3718520f9a3be86fdee805b58517f24748c4f532064f5414722a627722114f38dec106acad', 53, 1, 'Personal Access Token', '[]', 0, '2021-01-01 08:16:58', '2021-01-01 08:16:58', '2022-01-01 13:16:58'),
('c35b98ab921bd860abb583408fc5dd8ad2ab2aba8f808d763f33952845c36171e33ac58cc0a9a87d', 14, 1, 'Personal Access Token', '[]', 0, '2020-12-26 20:28:14', '2020-12-26 20:28:14', '2021-12-27 01:28:14'),
('c3a984c0b7dc8e918a52fc2284646b85bb1844d2e532bd8fe1529d9f3ae41ef8b70a8893c7197089', 54, 1, 'Personal Access Token', '[]', 0, '2021-01-01 08:28:53', '2021-01-01 08:28:53', '2022-01-01 13:28:53'),
('c4595279f7f40a54484e11e413660c7a931222349267a2d76db9f0c7a7abd2ec473828bb795a7795', 16, 1, 'Personal Access Token', '[]', 0, '2020-12-25 18:31:50', '2020-12-25 18:31:50', '2021-12-25 23:31:50'),
('c59382bc322b148d4c351b1218feb7b70f0caa1c2f6715baf8619ed6b44578a1a5d5f49fe1a2c9ad', 15, 1, 'Personal Access Token', '[]', 0, '2020-12-27 22:47:35', '2020-12-27 22:47:35', '2021-12-28 03:47:35'),
('c8ae8ac53274b4e63c0a5ed753b6f5bad3499fb8aa8bc15ecec9173c1a19c29e24a3acace37529b8', 1, 1, 'Personal Access Token', '[]', 0, '2020-12-24 14:10:52', '2020-12-24 14:10:52', '2021-12-24 19:10:52'),
('c924feb3addaf9db8d4b3f0d5c87aa71076451e69eb8deca4952dcfab0ef266600f616d365f4ed0f', 11, 1, 'Personal Access Token', '[]', 0, '2020-12-24 15:12:36', '2020-12-24 15:12:36', '2021-12-24 20:12:36'),
('cb4df5d137f00ef893f9fc33c378adabee8c358fdb2b6577c4a64cbd2fb1b33bb6bac8bf6a32ef0b', 48, 1, 'Personal Access Token', '[]', 0, '2021-01-01 05:15:11', '2021-01-01 05:15:11', '2022-01-01 10:15:11'),
('d50f78017b1d251adf093bc7a6231772f6ef910abf65a199ee0209363357c518f2f53c3dd831ef68', 6, 1, 'Personal Access Token', '[]', 0, '2020-12-25 19:49:47', '2020-12-25 19:49:47', '2021-12-26 00:49:47'),
('d6602e17064e1b391bfaff56b70d7217d8403a8b81a8d310ba9b9829cbfbfd6db76cde3fbaf90958', 10, 1, 'Personal Access Token', '[]', 0, '2020-12-26 20:28:14', '2020-12-26 20:28:14', '2021-12-27 01:28:14'),
('da2055f1665a6c15cb28d0b1e5199c57092f81ad227dc626d355b697f3deeb33dd32463b550f024b', 6, 1, 'Personal Access Token', '[]', 0, '2020-12-27 16:40:42', '2020-12-27 16:40:42', '2021-12-27 21:40:42'),
('dcd9e02492d590befd1d3acca925ed672fba05b07e2776217301121a61d7d1e5afe8451af5efba3c', 3, 1, 'Personal Access Token', '[]', 0, '2020-12-25 19:31:35', '2020-12-25 19:31:35', '2021-12-26 00:31:35'),
('de7a03a75d1c5203ecc0bca490ff661cb68bb3f0907bc055179056da45b2952bd6991f3b090f804d', 8, 1, 'Personal Access Token', '[]', 0, '2020-12-27 16:40:44', '2020-12-27 16:40:44', '2021-12-27 21:40:44'),
('e038e47ed9f0b7814fe85282b81308ae5e6b55d12b0db2fb012edca12f87b8c47fd63c8282459193', 19, 1, 'Personal Access Token', '[]', 0, '2020-12-26 20:34:48', '2020-12-26 20:34:48', '2021-12-27 01:34:48'),
('e2b294f978f9ea81585823ed26ca089219c438ced8823fd967e0a36478fe050c6920fd481e084034', 10, 1, 'Personal Access Token', '[]', 0, '2020-12-25 19:51:48', '2020-12-25 19:51:48', '2021-12-26 00:51:48'),
('e5b57a426deef1fb9175a841fe470e05e9c13ca7bc45a89f9c8994bdf90c4ac9f8d160bcc38bd25f', 11, 1, 'Personal Access Token', '[]', 0, '2020-12-26 20:28:14', '2020-12-26 20:28:14', '2021-12-27 01:28:14'),
('e682ef81c7653038b60d9471c1175b8273008f4c7c41b733d5d60fa17adc9c6a88b135af0fc94614', 11, 1, 'Personal Access Token', '[]', 0, '2020-12-27 19:04:15', '2020-12-27 19:04:15', '2021-12-28 00:04:15'),
('eb1b5af14f55b82d6a2f32be81027f41378299b22bc90b8cc8aef12422c557b681b20c3f3cfc5621', 12, 1, 'Personal Access Token', '[]', 0, '2020-12-25 16:45:21', '2020-12-25 16:45:21', '2021-12-25 21:45:21'),
('eb702ef5f08ed7438629280fbf630979612eadd6208286307bc2b69ecd2a0e8cfe965283ad6e290e', 35, 1, 'Personal Access Token', '[]', 0, '2020-12-31 23:39:10', '2020-12-31 23:39:10', '2022-01-01 04:39:10'),
('ed68d88c2a4b316aaff37d687e21e8998c250731932ec09c30c3750a73228b0f8799edf8833e8ccd', 42, 1, 'Personal Access Token', '[]', 0, '2020-12-31 23:59:48', '2020-12-31 23:59:48', '2022-01-01 04:59:48'),
('eeba177e3024bae29a53fd718c460c8e1f7232c67dbf421c91ba4532efc5e447ab139899a7a8b14d', 24, 1, 'Personal Access Token', '[]', 0, '2020-12-27 00:31:49', '2020-12-27 00:31:49', '2021-12-27 05:31:49'),
('f03063b23fd1f30fc1cb43d29a2fddc73586958111cc6bc778804d7bb8a0221dfa3899a6c0283514', 40, 1, 'Personal Access Token', '[]', 0, '2020-12-31 23:53:26', '2020-12-31 23:53:26', '2022-01-01 04:53:26'),
('f0ea46e321e02f26a4815f0c7508e0e96486d757d653aee67d403cb562e689f3bcbd553696080bc0', 2, 1, 'Personal Access Token', '[]', 0, '2020-12-24 14:11:24', '2020-12-24 14:11:24', '2021-12-24 19:11:24'),
('f121df1da727cccb1c9abbfea3561fea431bed8f73871f484e3590718aa5bb4071c233207d9942cf', 7, 1, 'Personal Access Token', '[]', 0, '2020-12-26 20:28:13', '2020-12-26 20:28:13', '2021-12-27 01:28:13'),
('f19d60e30ad92f97b5d5ad4b59f877f2dbb4e284d1bbb8e30fb04e32e69d195c9f7d46f506d782d2', 28, 1, 'Personal Access Token', '[]', 0, '2020-12-31 08:11:33', '2020-12-31 08:11:33', '2021-12-31 13:11:33'),
('f1ac8dcc05347055c38600e8373c1bef243427f860ba81a500f30b617b45515d875d268f2599b800', 22, 1, 'Personal Access Token', '[]', 0, '2020-12-29 04:05:22', '2020-12-29 04:05:22', '2021-12-29 09:05:22'),
('f8fd104713bcf4c05620db326dd5c5c9a3d865e46955e97a61c545634b12c1a13bf4f6859ff0f42a', 56, 1, 'Personal Access Token', '[]', 0, '2021-01-01 09:08:49', '2021-01-01 09:08:49', '2022-01-01 14:08:49'),
('fa395da7b8ca0c109da7961b6c73e3eba70c43ca87c42c74b1fbffe1d555922ef1e23c8c9517b036', 5, 1, 'Personal Access Token', '[]', 0, '2020-12-24 15:11:41', '2020-12-24 15:11:41', '2021-12-24 20:11:41'),
('fba02d7ea23d65669a80fc700e34538ed671329c1b74bf1c3de73a059994c35798477cb51702efa6', 50, 1, 'Personal Access Token', '[]', 0, '2021-01-01 06:03:07', '2021-01-01 06:03:07', '2022-01-01 11:03:07'),
('fbb2b60cceae78b856fa6d1be3d673e98e09f3522e42391f47bf7879c73b42121d9a26bb335bdc33', 14, 1, 'Personal Access Token', '[]', 0, '2020-12-27 22:32:44', '2020-12-27 22:32:44', '2021-12-28 03:32:44'),
('fea49b65a6651ed1c8d6e95ef8af890b20cae82c3f8b5a82c36dd08b3987d21c49f0b4765cd78b50', 47, 1, 'Personal Access Token', '[]', 0, '2021-01-01 04:49:04', '2021-01-01 04:49:04', '2022-01-01 09:49:04');

-- --------------------------------------------------------

--
-- Table structure for table `oauth_auth_codes`
--

CREATE TABLE `oauth_auth_codes` (
  `id` varchar(100) COLLATE utf8mb4_unicode_ci NOT NULL,
  `user_id` bigint(20) UNSIGNED NOT NULL,
  `client_id` bigint(20) UNSIGNED NOT NULL,
  `scopes` text COLLATE utf8mb4_unicode_ci DEFAULT NULL,
  `revoked` tinyint(1) NOT NULL,
  `expires_at` datetime DEFAULT NULL
) ENGINE=InnoDB DEFAULT CHARSET=utf8mb4 COLLATE=utf8mb4_unicode_ci;

-- --------------------------------------------------------

--
-- Table structure for table `oauth_clients`
--

CREATE TABLE `oauth_clients` (
  `id` bigint(20) UNSIGNED NOT NULL,
  `user_id` bigint(20) UNSIGNED DEFAULT NULL,
  `name` varchar(255) COLLATE utf8mb4_unicode_ci NOT NULL,
  `secret` varchar(100) COLLATE utf8mb4_unicode_ci DEFAULT NULL,
  `provider` varchar(255) COLLATE utf8mb4_unicode_ci DEFAULT NULL,
  `redirect` text COLLATE utf8mb4_unicode_ci NOT NULL,
  `personal_access_client` tinyint(1) NOT NULL,
  `password_client` tinyint(1) NOT NULL,
  `revoked` tinyint(1) NOT NULL,
  `created_at` timestamp NULL DEFAULT NULL,
  `updated_at` timestamp NULL DEFAULT NULL
) ENGINE=InnoDB DEFAULT CHARSET=utf8mb4 COLLATE=utf8mb4_unicode_ci;

--
-- Dumping data for table `oauth_clients`
--

INSERT INTO `oauth_clients` (`id`, `user_id`, `name`, `secret`, `provider`, `redirect`, `personal_access_client`, `password_client`, `revoked`, `created_at`, `updated_at`) VALUES
(1, NULL, 'IncogniChat Personal Access Client', 'Bu53M2AheP57KP4ZLHg7wdWPQPyVlGgB0jLdPGlB', NULL, 'http://localhost', 1, 0, 0, '2020-12-24 14:03:29', '2020-12-24 14:03:29'),
(2, NULL, 'IncogniChat Password Grant Client', '6iq0O3gpmoBhIQaeBBgZUDOC445Ay6evRBEXgsjt', 'users', 'http://localhost', 0, 1, 0, '2020-12-24 14:03:29', '2020-12-24 14:03:29');

-- --------------------------------------------------------

--
-- Table structure for table `oauth_personal_access_clients`
--

CREATE TABLE `oauth_personal_access_clients` (
  `id` bigint(20) UNSIGNED NOT NULL,
  `client_id` bigint(20) UNSIGNED NOT NULL,
  `created_at` timestamp NULL DEFAULT NULL,
  `updated_at` timestamp NULL DEFAULT NULL
) ENGINE=InnoDB DEFAULT CHARSET=utf8mb4 COLLATE=utf8mb4_unicode_ci;

--
-- Dumping data for table `oauth_personal_access_clients`
--

INSERT INTO `oauth_personal_access_clients` (`id`, `client_id`, `created_at`, `updated_at`) VALUES
(1, 1, '2020-12-24 14:03:29', '2020-12-24 14:03:29');

-- --------------------------------------------------------

--
-- Table structure for table `oauth_refresh_tokens`
--

CREATE TABLE `oauth_refresh_tokens` (
  `id` varchar(100) COLLATE utf8mb4_unicode_ci NOT NULL,
  `access_token_id` varchar(100) COLLATE utf8mb4_unicode_ci NOT NULL,
  `revoked` tinyint(1) NOT NULL,
  `expires_at` datetime DEFAULT NULL
) ENGINE=InnoDB DEFAULT CHARSET=utf8mb4 COLLATE=utf8mb4_unicode_ci;

-- --------------------------------------------------------

--
-- Table structure for table `password_resets`
--

CREATE TABLE `password_resets` (
  `email` varchar(255) COLLATE utf8mb4_unicode_ci NOT NULL,
  `token` varchar(255) COLLATE utf8mb4_unicode_ci NOT NULL,
  `created_at` timestamp NULL DEFAULT NULL
) ENGINE=InnoDB DEFAULT CHARSET=utf8mb4 COLLATE=utf8mb4_unicode_ci;

-- --------------------------------------------------------

--
-- Table structure for table `users`
--

CREATE TABLE `users` (
  `id` bigint(20) UNSIGNED NOT NULL,
  `handle` varchar(255) COLLATE utf8mb4_unicode_ci NOT NULL,
  `type_id` tinyint(4) NOT NULL DEFAULT 1,
  `referrer_id` int(11) NOT NULL DEFAULT 0,
  `public_key` varchar(255) COLLATE utf8mb4_unicode_ci NOT NULL,
  `device_id` varchar(255) COLLATE utf8mb4_unicode_ci NOT NULL,
  `fcm_token` varchar(255) COLLATE utf8mb4_unicode_ci NOT NULL,
  `nickname` varchar(255) COLLATE utf8mb4_unicode_ci NOT NULL DEFAULT 'Incognito',
  `reputation` int(11) NOT NULL DEFAULT 100,
  `views` int(11) NOT NULL DEFAULT 0,
  `badges_created` int(11) NOT NULL DEFAULT 0,
  `package` int(11) NOT NULL DEFAULT 1,
  `active` tinyint(4) NOT NULL DEFAULT 1,
  `recovery_pin` int(11) NOT NULL,
  `remember_token` varchar(100) COLLATE utf8mb4_unicode_ci DEFAULT NULL,
  `created_at` timestamp NULL DEFAULT NULL,
  `updated_at` timestamp NULL DEFAULT NULL
) ENGINE=InnoDB DEFAULT CHARSET=utf8mb4 COLLATE=utf8mb4_unicode_ci;

--
-- Dumping data for table `users`
--

INSERT INTO `users` (`id`, `handle`, `type_id`, `referrer_id`, `public_key`, `device_id`, `fcm_token`, `nickname`, `reputation`, `views`, `badges_created`, `package`, `active`, `recovery_pin`, `remember_token`, `created_at`, `updated_at`) VALUES
(1, '1eccbc87e4b5ce2fe28308fd9f2a7baf31', 1, 0, 'MFwwDQYJKoZIhvcNAQEBBQADSwAwSAJBAOrY8O9j4fuuMNqI/sQbDGvORmd5jMcuMWDU9xGq3eB4\nQO786wVaXjwSItTsl6EX1HrDXMFddjs/WyW/7XhYjKECAwEAAQ==', 'b0d1c5fb9fc0c01b', 'eigS5ahvRKeajO9RD-Woqh:APA91bGABgX0MSfE2R0yt3moHm6zd28LAXfQnyFsnN6tzG-VhSCPq8anvyz6FZQs2O5qXFjRL2qGWd-8UesJQjSW7IOK1YEpfTGF-bMl2vdipEcQGtDz2d-8xwTQLrBq7o6RKyXfjC5k', 'Incognito', 100, 0, 0, 1, 1, 1572, NULL, '2020-12-27 16:35:59', '2020-12-27 16:35:59'),
(9, '21ff1de774005f8da13f42943881c655f2', 1, 0, 'MFwwDQYJKoZIhvcNAQEBBQADSwAwSAJBAMJw4JiRwu8NQT61/5OJGipnv52f8Y1LKpM+2Y9kFu3g\nDorZbMyhKpMtYpYpuXHI1gjqpTBUfafIMkaPfLCPPbECAwEAAQ==', '1aad7911494360d9', 'fmX74EpURSS6099AIdipYM:APA91bGG0RfT02xvV91kWiKfKjCD_bDNFMcjNF6AKPmVQu6GhgHwOQGtqDdjBvb9uNBA-5dA893GZTI7UBF4_XTGhIGqk6dFcrq-akMvmq3dWzPQEcBL7lFb_qtY8onC1SyIBgnCBqxM', 'Incognito', 100, 0, 0, 1, 1, 1798, NULL, '2020-12-27 16:41:50', '2020-12-27 16:41:50'),
(10, '10c16a5320fa475530d9583c34fd356ef510', 1, 0, 'MFwwDQYJKoZIhvcNAQEBBQADSwAwSAJBAOgQgTv39BT80GexCd9xWVwOUiLJ7Mz7MGUnG6zd33B+\nxsV2Z2aA1My/tOn1kfH8X2fnROBeoxZFUw4NgUZ1S+ECAwEAAQ==', 'b0d1c5fb9fc0c01b', 'czzk4pUXSP2tsWgkTf_0mr:APA91bEP3rTJdM38Nirqruvl6PLe5MTrhit4geGe7YchV5QOVyMyXkDGU7A91DqsK3cN4ZfMGUHICRSAP9JVBZy0rap0iE14dRVX_X6cTNVZ-GvQ-mFAXvoCscLIr2ENnx37Odf9pWQl', 'Incognito', 100, 0, 0, 1, 1, 6773, NULL, '2020-12-27 18:05:35', '2020-12-27 18:05:35'),
(11, '11c9e1074f5b3f9fc8ea15d152add0729411', 1, 0, 'pkey', 'deviceid', 'abcd124', 'Incognito', 100, 0, 0, 1, 1, 7806, NULL, '2020-12-27 19:04:15', '2020-12-27 19:04:15'),
(12, '12d9d4f495e875a2e075a1a4a6e1b9770f12', 1, 0, 'MFwwDQYJKoZIhvcNAQEBBQADSwAwSAJBALY9V9LKgMymp9wTjB/6DORH7vXc8pNCTxK+FJU9vPSF\nPSe/92D+ttr3lA3TFCplSYc125CmBGLZHFO2Eg43rI8CAwEAAQ==', 'b0d1c5fb9fc0c01b', 'f3CPpERaT-qYMIIIzgv4KC:APA91bHKgQYMBc-CGpJcOrssIelNOkfS1SdyaPcjBVoH1CJc4wFOd9ltGzH3kd08DPHqjKE35r2PL6JN3ylfHOK75c0VIGC7El9o8eNK8cfONzOxTuPO102-5XHVwU0qYqKsXcO0imyU', 'Incognito', 100, 0, 0, 1, 1, 8637, NULL, '2020-12-27 20:04:20', '2020-12-27 20:04:20'),
(13, '13d67d8ab4f4c10bf22aa353e27879133c13', 1, 0, 'pkey', 'deviceid', 'abcd124', 'Incognito', 100, 0, 0, 1, 1, 5521, NULL, '2020-12-27 22:32:06', '2020-12-27 22:32:06'),
(14, '146974ce5ac660610b44d9b9fed0ff954814', 1, 0, 'pkey', 'deviceid', 'abcd124', 'Incognito', 100, 0, 0, 1, 1, 3627, NULL, '2020-12-27 22:32:44', '2020-12-27 22:32:44'),
(15, '157647966b7343c29048673252e490f73615', 1, 0, 'MFwwDQYJKoZIhvcNAQEBBQADSwAwSAJBAMKsY+BLU3q7idqnnzZFrTfJZZXXilCfS51Jj7/guRKV\nUzLfBXaWl7s6VusaaaNw/IkhR4v1o4KQXVRgfBXnR7MCAwEAAQ==', 'b0d1c5fb9fc0c01b', 'eVpo3FbPS3CvvLdllAWCvM:APA91bG2G3fT0ugDZHLsO4UdJjFgvmha4Z_iysKSY9iFeGdPfdmECRNCh-o2HSR9oE0vkdizI-cSnj4oX-BJ9nrbrZ8GJOmFd7dVE73Q7qVVwSF61dx70lqV-6bVkL68WlZdgkMAUH8X', 'Incognito', 100, 0, 0, 1, 1, 3277, NULL, '2020-12-27 22:47:35', '2020-12-27 22:47:35'),
(16, '1614bfa6bb14875e45bba028a21ed3804616', 1, 0, 'MFwwDQYJKoZIhvcNAQEBBQADSwAwSAJBANSGlzGo6WV0hhIu68bkcVdKV92NVjYEJhZZ5TP+b+Ds\nLAneobYykf5NjKqTWYsr3DHiGbs14cGwOkBLGfGa1qsCAwEAAQ==', 'b0d1c5fb9fc0c01b', 'djaSZ73OTPGNJvOD4hDO0r:APA91bHyTgBECeK-OuszlZ0uPxPn1-id_OQisd4O7-N51xrNHFs-6SxGz2ltOnhUT8XeHMmI1v-fn84S2ef5u0o2a8rSqolRsL_sFlfIPATVa6MlB6A2Xn13cuz8ws55vMSMDSMiDtBC', 'Incognito', 100, 0, 0, 1, 1, 6035, NULL, '2020-12-27 23:15:01', '2020-12-27 23:15:01'),
(17, '17ad61ab143223efbc24c7d2583be6925117', 1, 0, 'MFwwDQYJKoZIhvcNAQEBBQADSwAwSAJBANOLfMphPtNi/fZQ6ccigVTbL2KgRot5nzOA8VNX13zJ\nUMJ3YmJdzIWqveaT7R7j6Jp0X1y6h/q3WOge6wrzpSUCAwEAAQ==', '529d2cfece358cac', 'eku-AEI0QQiqfAVnV106Pq:APA91bFQTMWb-YWU0N3l0JFPZ9fJJ980ijW2Ma8OcB4IJZ6lFOvyDsHcHO1QNC1Gy6Vg8fl0Doa_NsbyWqItc9PM-JlIVZtppofJETke5SBKrJWOg5Xfa2vm59YKPXHnHURViPVRqkls', 'Incognito', 100, 0, 0, 1, 1, 1251, NULL, '2020-12-28 00:28:12', '2020-12-28 00:28:12'),
(18, '18f033ab37c30201f73f142449d037028d18', 1, 0, 'MFwwDQYJKoZIhvcNAQEBBQADSwAwSAJBAN/xhLNxi9fPvvaAf7Pj28zq0esTxQTBD5fs44SDtnfy\niy+ql/6hOiZSXY5pI+uAfN5MVw0HFJuVtc9OZazXcGECAwEAAQ==', 'b0d1c5fb9fc0c01b', 'eWsUr7L4Rgm0lzfc1FDm3i:APA91bG-Un5SB_cYWtXTCB4jzQYRTeEHSU2Wa78JMO43wzDCPPP1HLz64ZyXuDl9QTTrd9oTGdcqmrwiK6V7GHI16qIrhrTapDeDP4a8gIVYFSEeAgEQLvGAN6zcEyqhIZMlHhICLn-W', 'Incognito', 100, 0, 0, 1, 1, 4645, NULL, '2020-12-28 01:18:42', '2020-12-28 01:18:42'),
(19, '197f39f8317fbdb1988ef4c628eba0259119', 1, 0, 'MFwwDQYJKoZIhvcNAQEBBQADSwAwSAJBANxDMDpbptGtlYZBXWtEL6tFTzwOZQ46mYkVl8c3MAZv\nOb9VAfGkbcSN4bHKjHbKjwQpcisQAVjxxCNFnZALdjsCAwEAAQ==', 'b0d1c5fb9fc0c01b', 'dcMb_w6aRBKlViSGwNv-KS:APA91bFYL9rqwJGkEFaxoaEg4RIXSZZjSqSdOZX9nhglTsdPCGF0t50rKut0AJHPSBaQ_zvkU_oIwfCX_2StOcxyZr1CnrAln_4fBsw0857koHLPXIKXAmlf0JSK_8eCGZ76dO1JJcnj', 'Incognito', 100, 0, 0, 1, 1, 8606, NULL, '2020-12-29 03:33:00', '2020-12-29 03:33:00'),
(20, '20072b030ba126b2f4b2374f342be9ed4420', 1, 0, 'MFwwDQYJKoZIhvcNAQEBBQADSwAwSAJBAMrwCu7c5YK5k9YYrDDPsxW1+OB9wtmrZsBHBwabtraa\nKgCWXkZiHGGioMrwTxlZsqA4wCj6EaHazZwgJI48UacCAwEAAQ==', '529d2cfece358cac', 'c4_6gg2TTg2ATrA1z9bmOr:APA91bG_ggUQc1t0Nkke0Gl5x_RM9HZKT2er_KdmlUNWs453K7MJM1stypljBLuLp1zBeZ8ABAr6eB33TEKzkutQfCtx9L_r6Jp60qAlb4isVSbhrJOhhvSIxEC0Vd9wT1rPz5PJt_Le', 'Incognito', 100, 0, 0, 1, 1, 1777, NULL, '2020-12-29 03:49:22', '2020-12-29 03:49:22'),
(21, '21eb160de1de89d9058fcb0b968dbbbd6821', 1, 0, 'MFwwDQYJKoZIhvcNAQEBBQADSwAwSAJBAJeN4P+kMzOPFhTw88zR0CMWeyWPn++gO5kGbPguQ4fC\nW58vJQw4BzDu+2/ltGginrsRd+0OHIIjG48/Kcc9jyMCAwEAAQ==', '529d2cfece358cac', 'dodvmjQOTtik0IE4YjVpqY:APA91bEz6a-dCZZC1kBdAW7bL2gD5E_G38fyUT2IKBjnMpC_AuB64zfdFwVSrmy5jmfZTCvXPjrM6wSJpppl32-Dn1nbwY38jdhPG60MrUQm4sPzhYRcTsjYTv5zEunTStnQ9Moxh-VL', 'Incognito', 100, 0, 0, 1, 1, 8096, NULL, '2020-12-29 04:01:16', '2020-12-29 04:01:16'),
(22, '22c45147dee729311ef5b5c3003946c48f22', 1, 0, 'MFwwDQYJKoZIhvcNAQEBBQADSwAwSAJBAJ70oNpiJSspm3DgBgpK5YEgFyHkc3KA5d095cE/UyD4\ngTPUjcijXbAU2ZW3FFDvH8JUNG5IultyHmbvRTDtdrcCAwEAAQ==', '529d2cfece358cac', 'eGOsreAaSvSh3XH7FTikR_:APA91bEnFpx7SjgzkDNZxpCp4wATvSQ9s3O2abi_fh2Vcaq1F2_cRQvGnDpQv1Lcu5DdOtHpFIQW7vXKy2ic2FDe-QQi0Hz4LS1jgccTjNAQx3oYG0ofXK6Sp1ZE_R_0JeWr9j3vrYdJ', 'Incognito', 100, 0, 0, 1, 1, 4171, NULL, '2020-12-29 04:05:22', '2020-12-29 04:05:22'),
(23, '23698d51a19d8a121ce581499d7b70166823', 1, 0, 'MFwwDQYJKoZIhvcNAQEBBQADSwAwSAJBAJ/ESrR7j+rtjLntYfOq4E39tpqLPUADFWAq66Ygsisc\nk7jYNoUM2MPKPTdB9gHeocXYIHPai30riXpfTaQf4GkCAwEAAQ==', '529d2cfece358cac', 'eap8vkJTQSOzldCnMmaA37:APA91bE7EKuNeuVSSYS31gqtcGDBaqCuUPm-tAYGfNI66Io-TY45KnBe-lFU39F_FioZCzWqVlpQ7jl9kE1zVSb_iw8SDr439wYvRbpt8KEIym-IlAVV9qixMECFc5-6Wei5-on_mIqP', 'Incognito', 100, 0, 0, 1, 1, 9259, NULL, '2020-12-29 04:11:50', '2020-12-29 04:11:50'),
(24, '24d9d4f495e875a2e075a1a4a6e1b9770f24', 1, 0, 'MFwwDQYJKoZIhvcNAQEBBQADSwAwSAJBAKcXuWmwhipXFIxPNwBeyrsRbB043NMiGNgDeAm7JYHp\nXimh4wvzu154e4K4iZ6rVLGN6z8KKGtJN37A22JEAucCAwEAAQ==', '529d2cfece358cac', 'eDRFKffqSNeJWLt2N-0ocO:APA91bHzvvHGPsTa_Gze1UWoPQVol22a4cqfW_qPr09ugHuHJsgXfVCeJvvy8VlSbRFhNX2y01yVThaQHvQ-vTPgy30_AMMo4dwhCCO4IoB3oDWNUr9nkeR0g_UifM6CYf6IhT6ZByrA', 'Incognito', 100, 0, 0, 1, 1, 5850, NULL, '2020-12-29 04:14:10', '2020-12-29 04:14:10'),
(25, '258e296a067a37563370ded05f5a3bf3ec25', 1, 0, 'MFwwDQYJKoZIhvcNAQEBBQADSwAwSAJBAMlkp/hx8K9SzrOGRF7mhrHJFv5ZJ66cpPIvOI9oNhNf\ny+ZPIfNEZhwE3VfodHTAQjYbpArLov2Z2liQn/Yu5jECAwEAAQ==', 'b0d1c5fb9fc0c01b', 'dhgUQ9THQhi9tbQnrh8Zcx:APA91bGu2AQepSgnqygsOic5FUnhE1Ly2GaKnHX8FotspXkpy11bcPBcr1Mi-tDT-jDvZX46QZowznAe2wpuTiMvmmiX7ltE2uT-c0t5Ht_CnH-xCWVmr561BMcOoiUyNPPxamSOQcTw', 'Incognito', 100, 0, 0, 1, 1, 9657, NULL, '2020-12-29 09:36:44', '2020-12-29 09:36:44'),
(26, '26a3c65c2974270fd093ee8a9bf8ae7d0b26', 1, 0, 'MFwwDQYJKoZIhvcNAQEBBQADSwAwSAJBAIEWZ2Cl07i/BgRD7pr6k+yyh05iJXGDiRZN1y3L/XsD\n2ic/+C8prltvouVJ2W1pOGeoyW6C2MkTInTR+msX0wUCAwEAAQ==', 'b0d1c5fb9fc0c01b', 'cWo0mxl1QqKRcqxDLTZTOh:APA91bFdHqaMtf8rsEXqkH4lZ5-LU1Z7S22aGS3IkQwoz8FGGYFZWE5sUg-qux-9hd8AFS041RMLxWfNp6J6JOUlokQvSwJ16N8euEDmaSFczix-EMHLoKmpZuqeSynWuOnaf5QBngWF', 'Incognito', 100, 0, 0, 1, 1, 3089, NULL, '2020-12-31 08:11:05', '2020-12-31 08:11:05'),
(27, '2768d30a9594728bc39aa24be94b319d2127', 1, 0, 'MFwwDQYJKoZIhvcNAQEBBQADSwAwSAJBAOYKdG+lEXslre+avUyGjmURLRy+ni60JW1LlLcR1GMx\nG7KXCdJWMlJkoO5gOgJjYCyD1PrLjlP/upP6vgIUQ4kCAwEAAQ==', 'b0d1c5fb9fc0c01b', 'cWo0mxl1QqKRcqxDLTZTOh:APA91bFdHqaMtf8rsEXqkH4lZ5-LU1Z7S22aGS3IkQwoz8FGGYFZWE5sUg-qux-9hd8AFS041RMLxWfNp6J6JOUlokQvSwJ16N8euEDmaSFczix-EMHLoKmpZuqeSynWuOnaf5QBngWF', 'Incognito', 100, 0, 0, 1, 1, 9428, NULL, '2020-12-31 08:11:12', '2020-12-31 08:11:12'),
(28, '28a97da629b098b75c294dffdc3e46390428', 1, 0, 'MFwwDQYJKoZIhvcNAQEBBQADSwAwSAJBALmZkAXBEZOF/Z0k+6O1W9uy1qV6YmfpdRA7svOu6i3Y\nzoE3/lctAJXKDpyRtnO5lcUZ9SAgXUr7yqt4GTFhNt0CAwEAAQ==', 'b0d1c5fb9fc0c01b', 'cWo0mxl1QqKRcqxDLTZTOh:APA91bFdHqaMtf8rsEXqkH4lZ5-LU1Z7S22aGS3IkQwoz8FGGYFZWE5sUg-qux-9hd8AFS041RMLxWfNp6J6JOUlokQvSwJ16N8euEDmaSFczix-EMHLoKmpZuqeSynWuOnaf5QBngWF', 'Incognito', 100, 0, 0, 1, 1, 7106, NULL, '2020-12-31 08:11:33', '2020-12-31 08:11:33'),
(29, '2998dce83da57b0395e163467c9dae521b29', 1, 0, 'MFwwDQYJKoZIhvcNAQEBBQADSwAwSAJBAMGAAFD4ZVx4S0x0XdmGqrhwYsmCnR1F5UZzN/5rBVoa\n+RSdtMCS0uYxowoh9BWzG4ZUhNaGot7lNqeYzcWTWGsCAwEAAQ==', 'b0d1c5fb9fc0c01b', 'cWo0mxl1QqKRcqxDLTZTOh:APA91bFdHqaMtf8rsEXqkH4lZ5-LU1Z7S22aGS3IkQwoz8FGGYFZWE5sUg-qux-9hd8AFS041RMLxWfNp6J6JOUlokQvSwJ16N8euEDmaSFczix-EMHLoKmpZuqeSynWuOnaf5QBngWF', 'Incognito', 100, 0, 0, 1, 1, 8276, NULL, '2020-12-31 08:12:19', '2020-12-31 08:12:19'),
(30, '30a684eceee76fc522773286a895bc843630', 1, 0, 'MFwwDQYJKoZIhvcNAQEBBQADSwAwSAJBAKhyAybeJtOyrqLAaiw+pzXC4yrdUxQCMFQR4D8Ky2IL\nDueJq/JY5bKsJvq4OwyhFWppS//S2RNd5pkZYEn1FdcCAwEAAQ==', 'b0d1c5fb9fc0c01b', 'dx2anWIrQYOilwNplxuNNt:APA91bGoyAKujlg4hoOQolSoQHI1CtL_l05v0MkE18Kt_RIXvL1ualm4uOQNcTaeURqCJQD2js2GssvZHDQr09SFBTG9GGDb28Tw2pJvs4yEm0UMH7kjSPTn3lYDlEOrzU1nuMzijoWI', 'Incognito', 100, 0, 0, 1, 1, 6463, NULL, '2020-12-31 08:13:14', '2020-12-31 08:13:14'),
(31, '3166f041e16a60928b05a7e228a89c379931', 1, 0, 'MFwwDQYJKoZIhvcNAQEBBQADSwAwSAJBAJnV0AM5ERwKj/uYNkFhsjUUA1lwI8qJm9TgCQuSa7HG\n+Vc4d+ZCELx34TsdWG3Tk/JAOWOoFtnpGBFwpQV8xDMCAwEAAQ==', 'b0d1c5fb9fc0c01b', 'dx2anWIrQYOilwNplxuNNt:APA91bGoyAKujlg4hoOQolSoQHI1CtL_l05v0MkE18Kt_RIXvL1ualm4uOQNcTaeURqCJQD2js2GssvZHDQr09SFBTG9GGDb28Tw2pJvs4yEm0UMH7kjSPTn3lYDlEOrzU1nuMzijoWI', 'Incognito', 100, 0, 0, 1, 1, 2496, NULL, '2020-12-31 08:14:18', '2020-12-31 08:14:18'),
(32, '32d67d8ab4f4c10bf22aa353e27879133c32', 1, 0, 'MFwwDQYJKoZIhvcNAQEBBQADSwAwSAJBAMJK5eRqpJsWpr1mKREivfNzY2ztOGIB+gcuNdJU+OTT\n1Nv7TMDv0xNLvl7bW2OkN1pAuVxdCLitwjZgppr4bOkCAwEAAQ==', 'b0d1c5fb9fc0c01b', 'dx2anWIrQYOilwNplxuNNt:APA91bGoyAKujlg4hoOQolSoQHI1CtL_l05v0MkE18Kt_RIXvL1ualm4uOQNcTaeURqCJQD2js2GssvZHDQr09SFBTG9GGDb28Tw2pJvs4yEm0UMH7kjSPTn3lYDlEOrzU1nuMzijoWI', 'Incognito', 100, 0, 0, 1, 1, 4931, NULL, '2020-12-31 08:15:09', '2020-12-31 08:15:09'),
(33, '33e2ef524fbf3d9fe611d5a8e90fefdc9c33', 1, 0, 'MFwwDQYJKoZIhvcNAQEBBQADSwAwSAJBAL3Es5f0RDC7xZ/SjxGk3GdVnAvFHH5YUnbkST8T7p00\nU5Y3jcrcVQ4l210FvH20W6Y7hK8WXD2dfJbH5V3xqlMCAwEAAQ==', 'b0d1c5fb9fc0c01b', 'dx2anWIrQYOilwNplxuNNt:APA91bGoyAKujlg4hoOQolSoQHI1CtL_l05v0MkE18Kt_RIXvL1ualm4uOQNcTaeURqCJQD2js2GssvZHDQr09SFBTG9GGDb28Tw2pJvs4yEm0UMH7kjSPTn3lYDlEOrzU1nuMzijoWI', 'Incognito', 100, 0, 0, 1, 1, 7392, NULL, '2020-12-31 23:35:26', '2020-12-31 23:35:26'),
(34, '34c7e1249ffc03eb9ded908c236bd1996d34', 1, 0, 'MFwwDQYJKoZIhvcNAQEBBQADSwAwSAJBANgzI9AMs7rJWf3s/FIP/ujIda9kHkDfKmhv03odf8of\nuI4gTMjTcd4uJNBp9/6qZSdK62mCaRDyoCoXnELC/rMCAwEAAQ==', 'b0d1c5fb9fc0c01b', 'dx2anWIrQYOilwNplxuNNt:APA91bGoyAKujlg4hoOQolSoQHI1CtL_l05v0MkE18Kt_RIXvL1ualm4uOQNcTaeURqCJQD2js2GssvZHDQr09SFBTG9GGDb28Tw2pJvs4yEm0UMH7kjSPTn3lYDlEOrzU1nuMzijoWI', 'Incognito', 100, 0, 0, 1, 1, 4256, NULL, '2020-12-31 23:38:17', '2020-12-31 23:38:17'),
(35, '35a3f390d88e4c41f2747bfa2f1b5f87db35', 1, 0, 'MFwwDQYJKoZIhvcNAQEBBQADSwAwSAJBALgLUrjPrnTKc2M0DWDUZcAHBXlBN7l/91miU850g+Lq\nht1dRvkJObi0J3xLyp8t9Xag3sjEE7j0uHVcj6Xjjg0CAwEAAQ==', 'b0d1c5fb9fc0c01b', 'f57loI7sSR2WyKOHFYc9O9:APA91bFGPE013AI6uqAyveqA-OuGWtf351UtllbQUOmny9gNAZpyIdHCpXFNXFmf8eDnVbwoShROo6_3Gzio5CoBKQmY6lcUR7md98XDa7cQuMAmfhfAmcwNBYb0-IxOZGpde1zoOt79', 'Incognito', 100, 0, 0, 1, 1, 9735, NULL, '2020-12-31 23:39:10', '2020-12-31 23:39:10'),
(36, '367f1de29e6da19d22b51c68001e7e0e5436', 1, 0, 'MFwwDQYJKoZIhvcNAQEBBQADSwAwSAJBAMrlAVznFPwzvrpVd/+6sLTU3AePTwYKeyt8LFggOILk\niMNP5dWY4cVwhM6o1GvX9kuXKzpSMbjhsFA9mcRUrxECAwEAAQ==', 'b0d1c5fb9fc0c01b', 'f57loI7sSR2WyKOHFYc9O9:APA91bFGPE013AI6uqAyveqA-OuGWtf351UtllbQUOmny9gNAZpyIdHCpXFNXFmf8eDnVbwoShROo6_3Gzio5CoBKQmY6lcUR7md98XDa7cQuMAmfhfAmcwNBYb0-IxOZGpde1zoOt79', 'Incognito', 100, 0, 0, 1, 1, 4101, NULL, '2020-12-31 23:40:29', '2020-12-31 23:40:29'),
(37, '37fbd7939d674997cdb4692d34de8633c437', 1, 0, 'MFwwDQYJKoZIhvcNAQEBBQADSwAwSAJBANiaQ8NU+x2ZcxKe3KsaIVrcpyuYZSLAP0L6h9L85Jyi\n03xcVEFSLSGS4kHG83Fg7H+1O4k5ByyQ8/4ggqXga40CAwEAAQ==', 'b0d1c5fb9fc0c01b', 'f57loI7sSR2WyKOHFYc9O9:APA91bFGPE013AI6uqAyveqA-OuGWtf351UtllbQUOmny9gNAZpyIdHCpXFNXFmf8eDnVbwoShROo6_3Gzio5CoBKQmY6lcUR7md98XDa7cQuMAmfhfAmcwNBYb0-IxOZGpde1zoOt79', 'Incognito', 100, 0, 0, 1, 1, 1129, NULL, '2020-12-31 23:41:57', '2020-12-31 23:41:57'),
(38, '38a3c65c2974270fd093ee8a9bf8ae7d0b38', 1, 0, 'MFwwDQYJKoZIhvcNAQEBBQADSwAwSAJBALn/wmJYKqimTRzdwSsI40Y/2FJeBiT/vE3x/5PHwrnd\nNiEi3xHz22eMAtVdfj14kPfGFjtqIEQsTClMRV+RJ8MCAwEAAQ==', 'b0d1c5fb9fc0c01b', 'f57loI7sSR2WyKOHFYc9O9:APA91bFGPE013AI6uqAyveqA-OuGWtf351UtllbQUOmny9gNAZpyIdHCpXFNXFmf8eDnVbwoShROo6_3Gzio5CoBKQmY6lcUR7md98XDa7cQuMAmfhfAmcwNBYb0-IxOZGpde1zoOt79', 'Incognito', 100, 0, 0, 1, 1, 2976, NULL, '2020-12-31 23:44:57', '2020-12-31 23:44:57'),
(39, '3972b32a1f754ba1c09b3695e0cb6cde7f39', 1, 0, 'MFwwDQYJKoZIhvcNAQEBBQADSwAwSAJBAMLh8Fpj7K0TKHBUx5uiG7vZye0tXt/x3OdMFVG2Mxyf\nafoOp9g/SL4IRd/f+2xf+f1Eo/rLBiM3SusXgurKMg0CAwEAAQ==', 'b0d1c5fb9fc0c01b', 'f57loI7sSR2WyKOHFYc9O9:APA91bFGPE013AI6uqAyveqA-OuGWtf351UtllbQUOmny9gNAZpyIdHCpXFNXFmf8eDnVbwoShROo6_3Gzio5CoBKQmY6lcUR7md98XDa7cQuMAmfhfAmcwNBYb0-IxOZGpde1zoOt79', 'Incognito', 100, 0, 0, 1, 1, 3219, NULL, '2020-12-31 23:45:55', '2020-12-31 23:45:55'),
(40, '40202cb962ac59075b964b07152d234b7040', 1, 0, 'MFwwDQYJKoZIhvcNAQEBBQADSwAwSAJBAOgKZ/ARxwL0fyj5dAF1aDLbyyrnJTWWlG8HSeNHCzcZ\n020GCso0XyFM/Esf9x7ZJMc8NGbMY92AVueX2D0aq7MCAwEAAQ==', 'b0d1c5fb9fc0c01b', 'f57loI7sSR2WyKOHFYc9O9:APA91bFGPE013AI6uqAyveqA-OuGWtf351UtllbQUOmny9gNAZpyIdHCpXFNXFmf8eDnVbwoShROo6_3Gzio5CoBKQmY6lcUR7md98XDa7cQuMAmfhfAmcwNBYb0-IxOZGpde1zoOt79', 'Incognito', 100, 0, 0, 1, 1, 7983, NULL, '2020-12-31 23:53:26', '2020-12-31 23:53:26'),
(41, '41d09bf41544a3365a46c9077ebb5e35c341', 1, 0, 'MFwwDQYJKoZIhvcNAQEBBQADSwAwSAJBALI9v+ToSa9WIjImiEzm+qVXmad5gTk4hIqoFsOQ41Tf\nXAIUKPc23FU3t6hTp4NQZYfTWE7J2DH1eXSqCBqCRCUCAwEAAQ==', 'b0d1c5fb9fc0c01b', 'f57loI7sSR2WyKOHFYc9O9:APA91bFGPE013AI6uqAyveqA-OuGWtf351UtllbQUOmny9gNAZpyIdHCpXFNXFmf8eDnVbwoShROo6_3Gzio5CoBKQmY6lcUR7md98XDa7cQuMAmfhfAmcwNBYb0-IxOZGpde1zoOt79', 'Incognito', 100, 0, 0, 1, 1, 5621, NULL, '2020-12-31 23:57:02', '2020-12-31 23:57:02'),
(42, '422723d092b63885e0d7c260cc007e8b9d42', 1, 0, 'MFwwDQYJKoZIhvcNAQEBBQADSwAwSAJBAJavxYEk21M+nG+Nr4ZjA2S+Kucsqh5jXkkNIkaIYeDi\nv4zUrffIqCffsueJZOrApsepjfCN4a10u/qzzrQORMkCAwEAAQ==', 'b0d1c5fb9fc0c01b', 'f57loI7sSR2WyKOHFYc9O9:APA91bFGPE013AI6uqAyveqA-OuGWtf351UtllbQUOmny9gNAZpyIdHCpXFNXFmf8eDnVbwoShROo6_3Gzio5CoBKQmY6lcUR7md98XDa7cQuMAmfhfAmcwNBYb0-IxOZGpde1zoOt79', 'Incognito', 100, 0, 0, 1, 1, 7984, NULL, '2020-12-31 23:59:48', '2020-12-31 23:59:48'),
(43, '431385974ed5904a438616ff7bdb3f743943', 1, 0, 'MFwwDQYJKoZIhvcNAQEBBQADSwAwSAJBAKh3s0qscKDXRIiqj/W3QaGHXbALXCCPR2UqKuSrA/jP\n6qpbGMXtye5S3sy51LX+5px9b+E/hdOvckS83GrzP9UCAwEAAQ==', 'b0d1c5fb9fc0c01b', 'f57loI7sSR2WyKOHFYc9O9:APA91bFGPE013AI6uqAyveqA-OuGWtf351UtllbQUOmny9gNAZpyIdHCpXFNXFmf8eDnVbwoShROo6_3Gzio5CoBKQmY6lcUR7md98XDa7cQuMAmfhfAmcwNBYb0-IxOZGpde1zoOt79', 'Incognito', 99, 20, 0, 1, 1, 2338, NULL, '2021-01-01 00:00:56', '2021-01-01 00:00:56'),
(44, '44d09bf41544a3365a46c9077ebb5e35c344', 1, 0, 'MFwwDQYJKoZIhvcNAQEBBQADSwAwSAJBAK/bSl2wBnMP4Lf5U0eThrvHbDOhg0rUzeuZ846GbHae\nLGVfqGPFkr9ySpN2KIAdyiYoFLzX/alzk+dlxK8Gpx0CAwEAAQ==', '956b7af23bee935b', 'eoOVWYgSQa-5x2FYhPiklt:APA91bEyi3TXFx_pLsjyN8KiX-PKklbKPGvFgGYx_vwYRekKOT6cvIALC2vKRFUNhFIIDO7CNtC8CWFazpJeVNXMrrmirbtUaUC3TqNt5kd7TQS6UsD7DyRaRJi_BuYov0gkqzyYn4op', 'Incognito', 100, 0, 0, 1, 1, 3102, NULL, '2021-01-01 01:27:42', '2021-01-01 01:27:42'),
(45, '4535f4a8d465e6e1edc05f3d8ab658c55145', 1, 0, 'MFwwDQYJKoZIhvcNAQEBBQADSwAwSAJBAPeICKYNpbi+uqZXdrH1UIWHTxPZDKYjS58lgYLseP9S\nQti60JPYidEEtkTKlRlU2bX/QN8Dae857ZSD5djetzMCAwEAAQ==', 'b0d1c5fb9fc0c01b', 'ewd_Q8HiTTKE4UwHanRO9J:APA91bFD4SPfa4QSG1xfIa9lpYsuvkOEy-uLs9NiCLDi41m3BMW6iBIr9x2Q9TJI9ecgVPOR7fbfvbQmtXel6dBIL1eTn25_9iU3DmF4jAP67ULa2LNIq4HioB9elQIYA9ZO4R2EhCRz', 'Incognito', 100, 0, 0, 1, 1, 4844, NULL, '2021-01-01 01:28:15', '2021-01-01 01:28:15'),
(46, '46ac627ab1ccbdb62ec96e702f07f6425b46', 1, 0, 'MFwwDQYJKoZIhvcNAQEBBQADSwAwSAJBAJ4FgmV+6DieIAD5+zgwVnfEkol3VTTgpQ49KK1EyNt5\nHmlq3kHoUlnGwhiZjNOH5roW8j1lx/+tsevxkkzaK18CAwEAAQ==', 'b0d1c5fb9fc0c01b', 'c-JKZ8FbQ3mMxp376Xdxh6:APA91bH1oGUSR7ufqGrKD3OSP0DFoJuuL4NkO3lDykJsUkoRcoFxe8iOgIK6RUaJxE742d9HukwuqtxFnqHPmOkdQ_Dx21NI5lcvIuAIaX4zK5OGYx1LqyQfO4J0ZhrSvk4YXj-dYdCq', 'Incognito', 100, 0, 0, 1, 1, 9632, NULL, '2021-01-01 04:49:03', '2021-01-01 04:49:03'),
(47, '479fc3d7152ba9336a670e36d0ed79bc4347', 1, 0, 'MFwwDQYJKoZIhvcNAQEBBQADSwAwSAJBALJ4BC+aQ0wAAuO9bBPrtD1KIxYPRc497SqefGG+7pIf\nYEU1/Ddeq4rIRJOVl7JTAZZEGOwuIFlnXeiLNRdKHykCAwEAAQ==', '5b9c44bbca4ec42e', 'eyYvkmSjTceI-O2NWGMTVZ:APA91bHjWy-KvJDjeha-r90Ugyow2lqnnY0njCdIX2xdcuJ8JmG1Hr8ejio7wDSiaWzzQ8y5DFIb4N3YBZZ2m1QuhbxEL7i-SZ5-3GaGCMs9991NzLnoEk8lr5bw2TJ0ZNwk-DFFoc5R', 'Incognito', 100, 0, 0, 1, 1, 1601, NULL, '2021-01-01 04:49:04', '2021-01-01 04:49:04'),
(48, '485ef059938ba799aaa845e1c2e8a762bd48', 1, 0, 'MFwwDQYJKoZIhvcNAQEBBQADSwAwSAJBALbgJ/5i8ewzq+pM+waoKZuKuJ5pdnPjZt/Y1c+hbx0D\nv4N4KRTnEgEo/vfZgU+uRpKVc3Px28a48CaEKzSP7/8CAwEAAQ==', '5b9c44bbca4ec42e', 'ePPsfhcLQqOGM67hNW5me_:APA91bGo_zTpFfh-fAo017QIb0o7Tea67120xVsm2O3Bx_Z8-pV-YGvYmvFYeuejyJlAAMnl01-7YZnzNdN1SKHWTgvgF1U_VSnEW6I8jYUDbScEIGYTIbYxZrg34_WzAZhU0NeHFPQU', 'Incognito', 100, 0, 0, 1, 1, 4699, NULL, '2021-01-01 05:15:11', '2021-01-01 05:15:11'),
(49, '495f93f983524def3dca464469d2cf9f3e49', 1, 0, 'MFwwDQYJKoZIhvcNAQEBBQADSwAwSAJBAL/px6BysX9xla6aKUxWk+9fVJjLdWUFvYNumbu+edJ7\n/QdVRukCMkHkiG2nQ36jeVkcxL9Ay8uqVrBE0DPZ0vMCAwEAAQ==', 'b0d1c5fb9fc0c01b', 'dtQ7EiXUTvGUAyhposdmrb:APA91bHfIuyrHwRV2470diPZhJIKYs0bqJ08-BsBXFEGEWmsdDSSBem-jdZoxUze1ojCPkLxoElj9dF__-K0erBkvGN8cqEpGRg-DJRM8nIiHBqn-VHDUZi6ivFU38WAo533jfs1-bfP', 'Incognito', 100, 0, 0, 1, 1, 1996, NULL, '2021-01-01 05:15:12', '2021-01-01 05:15:12'),
(50, '503295c76acbf4caaed33c36b1b5fc2cb150', 1, 0, 'MFwwDQYJKoZIhvcNAQEBBQADSwAwSAJBAObGzpJ/WojX0PKIdyei1qq2hZgBcsZPD2Z2zCOfaxhM\nArl7k33bbrb4EoMa6Y9gGXVb+kydKvXfA46mZJoK038CAwEAAQ==', 'b0d1c5fb9fc0c01b', 'cltyYk8PR2qDDvis0f4ZZ8:APA91bFV5hjanxNfBsh87PaNLaOxtSXAO-xpf_8pes1QY1kjRdYcucmdBRH6ccsL_FGlt2wWcV8Ym2ywNbN8WkUqU73fwg4LWWZhetZxYwuddS4LsCBQc57PL-GElaBXhXfZ0xC2idIp', 'Incognito', 100, 0, 0, 1, 1, 7567, NULL, '2021-01-01 06:03:07', '2021-01-01 06:03:07'),
(51, '51069059b7ef840f0c74a814ec9237b6ec51', 1, 0, 'MFwwDQYJKoZIhvcNAQEBBQADSwAwSAJBAKO9V34k+z/i8toflSnRIW1Ogqh94HNByUrDlZnpnmQ4\nY58ZJq/QyzUgHBzh87UVog0Xh945nXfwRv1jZJAkwNMCAwEAAQ==', '5b9c44bbca4ec42e', 'e5dkyWQgQC28POAa5GO_BA:APA91bEXTUD9O6n1JbIz2idt7AAD74Y7AMfJa90nByH9mk0ZZXStNx3uthEkbY78dCCZfl4BpwDtqxO46yvTd8aHGrFmoaGjhc9mlT0Pzvbu-vzA6JOpqNnNBPS3kOc4tzMDk9l4sm9f', 'Incognito', 100, 0, 0, 1, 1, 5672, NULL, '2021-01-01 06:03:18', '2021-01-01 06:03:18'),
(52, '52ea5d2f1c4608232e07d3aa3d998e513552', 1, 0, 'MFwwDQYJKoZIhvcNAQEBBQADSwAwSAJBAK5hoxW5sW4Hm6/lcClSUqQKX9JbNVAfcUoMVr9YNJKU\npWs3Zdboy0NaDXGwe+fNAmHX2I/UwcyNhQC/41w15NMCAwEAAQ==', 'b0d1c5fb9fc0c01b', 'cMx7hzy6RLuN2g8x-sHDNu:APA91bEaooejIFH2DcFMoyoE4Jo9zIUGlBd__FmF35LiUmwQ--O8KZQTyjkGyD0w-xOjTnMcKV_HjInkj-nJh5254dYTbziTV91zntNXW7FVrHqLcKw9vuDFAZOoSE5MfpsIZGpt-VDo', 'Incognito', 100, 0, 0, 1, 1, 9121, NULL, '2021-01-01 08:16:40', '2021-01-01 08:16:40'),
(53, '5307e1cd7dca89a1678042477183b7ac3f53', 1, 0, 'MFwwDQYJKoZIhvcNAQEBBQADSwAwSAJBAJf6dIIDSYKI6bwovtqT+GUDgXUHQ/irf02EZTBHrTfs\n/hynetbluJpG8hQDdoXx/Yf9vJwX3ZTBFH0qaPminj8CAwEAAQ==', '5b9c44bbca4ec42e', 'f_GsN3w8SqiXI7d6zn70Yb:APA91bFTd8caSGLxIep-YwP9GumvSAOxM9jEn5uV2bWAdV3D18LRLmwBNYryP5F5I0M2vSh60VLcTx70NkWbdEHhhUmGCD4RRrOXXaIAKEq-ycOk0cUIxO5F9xhH3nLkN6rXwDqBnM49', 'Incognito', 100, 0, 0, 1, 1, 9135, NULL, '2021-01-01 08:16:58', '2021-01-01 08:16:58'),
(54, '5443ec517d68b6edd3015b3edc9a11367b54', 1, 0, 'MFwwDQYJKoZIhvcNAQEBBQADSwAwSAJBALJ1u2EzwMuEN+E4bVy6rmGXL+gkgvrko05VSXAK8AOx\nwXtTJTJQ7UBNBaht2fKqziYQaAO/SUl7zGUo0TSVLBkCAwEAAQ==', 'b0d1c5fb9fc0c01b', 'cvPiCmAoR_y5bB6ftdVAAa:APA91bHH677Yxxe4iKARQJYshFljlh5FhR87MDTbuM9ZEaSfkJsRHiiW93S-xN85IN66LpLtC58kfvkmDlh8qXXJpeUUam3nAGwYiwKYWCMoAUIitOWTKzSVcdOw-mIfgLRYRZWQdyJu', 'Incognito', 100, 0, 0, 1, 1, 8306, NULL, '2021-01-01 08:28:53', '2021-01-01 08:28:53'),
(55, '55e00da03b685a0dd18fb6a08af0923de055', 1, 0, 'MFwwDQYJKoZIhvcNAQEBBQADSwAwSAJBALervkHT9Do319CE1PtkgWLM4ulsV8l/W6ARTjOzXTiF\nUnvKVL0UMZW5wkVEb/28vshyEBdKgNFQElKoUeZC2dsCAwEAAQ==', '5b9c44bbca4ec42e', 'f3jK8t_tSkib2yepidCICP:APA91bG7j298TYBeLFE87CnD54ESHDrzPZtfENwSWnNJTFEsTMp24AFr2f4R5ayuZQeg2H39HsZGIFucpl4vLZBw3FeXvGMbNlgaNNyMlwvY6dzKZr1Hrr-D-zAcHVGCXXlR_l_hvy1v', 'Incognito', 100, 0, 0, 1, 1, 7681, NULL, '2021-01-01 08:29:11', '2021-01-01 08:29:11'),
(56, '56d2ddea18f00665ce8623e36bd4e3c7c556', 1, 0, 'MFwwDQYJKoZIhvcNAQEBBQADSwAwSAJBAOoHGdMcxUX0g9aRPiPFx+Y/fFcPPW24MwpM6XfqkvHE\ntQ76l9Awmk/Ey3vmBsvLlSLIRfAxv06dLZq7t3OvFG0CAwEAAQ==', '5b9c44bbca4ec42e', 'ehLscCjdRNOQYHxy3ujNcx:APA91bGaz4DKTx4DEedG-K3FjfwnDZR7h6QLk_wiziH0X2Jo6CI-yZ5_nWyigIUrrotPZOLj946_k6VEieOwvJRm9SEERvZDEj3jLix7s9FNFNqzXLvqevrzrgzeAQBlHf6CMhpOI3v9', 'Incognito', 100, 0, 0, 1, 1, 2103, NULL, '2021-01-01 09:08:49', '2021-01-01 09:08:49'),
(57, '57069059b7ef840f0c74a814ec9237b6ec57', 1, 0, 'MFwwDQYJKoZIhvcNAQEBBQADSwAwSAJBALWZx0Z9IsIAzdCx3HY6nwQMhOm/CR5zmDmGyY9TGHXR\nH3yqHTWVJy5vPFb07hanf4bTc4sQzNR3u0JgzsfTSR8CAwEAAQ==', 'b0d1c5fb9fc0c01b', 'e-TdrEDIT9OjfMgVahPLTp:APA91bHhFNmIL6reu6Yb9jnNvThPIeoUnHUPTdllgaOhehegF3bXF5mr-tL-Wh9wA8CfkqvVYp_zIMjxNSTZxAlu28XH2UD6c7qiyb4E7MJf98xowmefgB9EgsLFxhoFxmJAXOdak07I', 'Incognito', 100, 0, 0, 1, 1, 1839, NULL, '2021-01-01 09:09:34', '2021-01-01 09:09:34'),
(58, '588613985ec49eb8f757ae6439e879bb2a58', 1, 0, 'MFwwDQYJKoZIhvcNAQEBBQADSwAwSAJBANi1kCqmqxpv88EGba77leHmF7YTg1NUYG1VZwVa3OBP\nPu/xNh8Rf6aFdIcgdFMI7THhg2vot3Hf0H1SQgZH3ZkCAwEAAQ==', '5b9c44bbca4ec42e', 'cJ_ZRr-OSNuqyFCmqGens2:APA91bFftwA0AaYonIUCuaCwtzNWJDwBooTtE3xCv2q-3qAuff21ibAJvohgwO6H7ak0qrfJOQbKElyTPFgmsqeGjnf2JCJnkGuE2PctU5flWtdQYdE8lKJss0naxHw1hH6tK7kpjJ9v', 'Incognito', 100, 0, 0, 1, 1, 1980, NULL, '2021-01-01 10:03:54', '2021-01-01 10:03:54'),
(59, '590a09c8844ba8f0936c20bd791130d6b659', 1, 0, 'MFwwDQYJKoZIhvcNAQEBBQADSwAwSAJBALkfMXkoYMOZxtH4bjvCFM1ll+UyoBG66XG6UhZfaIbU\n0hOix9D0mT7Kks4+u6BQJIS1LC/9csX5+ZrwE7X26dcCAwEAAQ==', 'b0d1c5fb9fc0c01b', 'eE7FNtCpSO6H-DWAPwA8I8:APA91bE50VGxwUn2rceHzd_Nf18TTgBZD1aE9FG2DbT2dneWhOF6YiA0fHwmOAUl1q34OYQXKjNYyqE2feKmPGoUPo-FdU53A1ZToaQg39Rjx-R4-A-wuyenn8DIC_G-aAUNeDcFe2zC', 'Incognito', 100, 0, 0, 1, 1, 7758, NULL, '2021-01-01 10:03:55', '2021-01-01 10:03:55'),
(60, '605f93f983524def3dca464469d2cf9f3e60', 1, 0, 'MFwwDQYJKoZIhvcNAQEBBQADSwAwSAJBANe3blpAeFqFVZGdQk7PJ7orVBTwoKjHk5MufMYvJC9K\n5+b7PGMqXgXJNMimEFzHRdI4pQiiFrGCbl2X4c1D/eECAwEAAQ==', '5b9c44bbca4ec42e', 'cTClKj2nQlG3M4NACcUEkc:APA91bHXSspM3wTL3u-g7OtjghQsZmmgIHp1CPTiicKOYKCNAL577l6IjjtvZ-Srof6aykQmbZC4Uyw7xQMNJ2KKaoUXy7IDGpWrgtpp1hPRAnG7pRgNQT3BqT3J0CUa3ogBZJ6gA9gz', 'Incognito', 100, 0, 0, 1, 1, 9222, NULL, '2021-01-01 10:18:04', '2021-01-01 10:18:04'),
(61, '6168d30a9594728bc39aa24be94b319d2161', 1, 0, 'MFwwDQYJKoZIhvcNAQEBBQADSwAwSAJBAKsXiaGyDY3zEUrZME+QJaEXuo/Lt5qpsMArlk4y5HKO\nhxej5a51i7ORvSYISpFHgoFcARn7xtJEWuIdEpfwIAcCAwEAAQ==', 'b0d1c5fb9fc0c01b', 'c75Acb4iRBSq6t3DY5M0WY:APA91bGHaF8cQDXzKihibQAJKKDRbHGKQXNxy99oFjCR6Z7CdXPlNQuhRJNjE7NlOmMCxLTjqzgdH6WcjciZFUad9v6PsIQxCwJmyFDokuF-CE7lz-WTH0eY9trZOISFHi-CHQGtVzeD', 'Incognito', 100, 0, 0, 1, 1, 1513, NULL, '2021-01-01 10:18:04', '2021-01-01 10:18:04');

--
-- Indexes for dumped tables
--

--
-- Indexes for table `configs`
--
ALTER TABLE `configs`
  ADD PRIMARY KEY (`id`);

--
-- Indexes for table `conversations`
--
ALTER TABLE `conversations`
  ADD PRIMARY KEY (`id`);

--
-- Indexes for table `failed_jobs`
--
ALTER TABLE `failed_jobs`
  ADD PRIMARY KEY (`id`);

--
-- Indexes for table `messages`
--
ALTER TABLE `messages`
  ADD PRIMARY KEY (`id`);

--
-- Indexes for table `migrations`
--
ALTER TABLE `migrations`
  ADD PRIMARY KEY (`id`);

--
-- Indexes for table `oauth_access_tokens`
--
ALTER TABLE `oauth_access_tokens`
  ADD PRIMARY KEY (`id`),
  ADD KEY `oauth_access_tokens_user_id_index` (`user_id`);

--
-- Indexes for table `oauth_auth_codes`
--
ALTER TABLE `oauth_auth_codes`
  ADD PRIMARY KEY (`id`),
  ADD KEY `oauth_auth_codes_user_id_index` (`user_id`);

--
-- Indexes for table `oauth_clients`
--
ALTER TABLE `oauth_clients`
  ADD PRIMARY KEY (`id`),
  ADD KEY `oauth_clients_user_id_index` (`user_id`);

--
-- Indexes for table `oauth_personal_access_clients`
--
ALTER TABLE `oauth_personal_access_clients`
  ADD PRIMARY KEY (`id`);

--
-- Indexes for table `oauth_refresh_tokens`
--
ALTER TABLE `oauth_refresh_tokens`
  ADD PRIMARY KEY (`id`),
  ADD KEY `oauth_refresh_tokens_access_token_id_index` (`access_token_id`);

--
-- Indexes for table `password_resets`
--
ALTER TABLE `password_resets`
  ADD KEY `password_resets_email_index` (`email`);

--
-- Indexes for table `users`
--
ALTER TABLE `users`
  ADD PRIMARY KEY (`id`);

--
-- AUTO_INCREMENT for dumped tables
--

--
-- AUTO_INCREMENT for table `configs`
--
ALTER TABLE `configs`
  MODIFY `id` bigint(20) UNSIGNED NOT NULL AUTO_INCREMENT, AUTO_INCREMENT=2;

--
-- AUTO_INCREMENT for table `conversations`
--
ALTER TABLE `conversations`
  MODIFY `id` bigint(20) UNSIGNED NOT NULL AUTO_INCREMENT, AUTO_INCREMENT=28;

--
-- AUTO_INCREMENT for table `failed_jobs`
--
ALTER TABLE `failed_jobs`
  MODIFY `id` bigint(20) UNSIGNED NOT NULL AUTO_INCREMENT;

--
-- AUTO_INCREMENT for table `messages`
--
ALTER TABLE `messages`
  MODIFY `id` bigint(20) UNSIGNED NOT NULL AUTO_INCREMENT, AUTO_INCREMENT=409;

--
-- AUTO_INCREMENT for table `migrations`
--
ALTER TABLE `migrations`
  MODIFY `id` int(10) UNSIGNED NOT NULL AUTO_INCREMENT, AUTO_INCREMENT=24;

--
-- AUTO_INCREMENT for table `oauth_clients`
--
ALTER TABLE `oauth_clients`
  MODIFY `id` bigint(20) UNSIGNED NOT NULL AUTO_INCREMENT, AUTO_INCREMENT=3;

--
-- AUTO_INCREMENT for table `oauth_personal_access_clients`
--
ALTER TABLE `oauth_personal_access_clients`
  MODIFY `id` bigint(20) UNSIGNED NOT NULL AUTO_INCREMENT, AUTO_INCREMENT=2;

--
-- AUTO_INCREMENT for table `users`
--
ALTER TABLE `users`
  MODIFY `id` bigint(20) UNSIGNED NOT NULL AUTO_INCREMENT, AUTO_INCREMENT=62;
COMMIT;

/*!40101 SET CHARACTER_SET_CLIENT=@OLD_CHARACTER_SET_CLIENT */;
/*!40101 SET CHARACTER_SET_RESULTS=@OLD_CHARACTER_SET_RESULTS */;
/*!40101 SET COLLATION_CONNECTION=@OLD_COLLATION_CONNECTION */;
